2.2099,-2.1738
2.2922,-0.45913
2.3794,-1.6077
2.5621,-2.0193
2.5318,-0.8261
2.3084,-1.4849
2.5969,-0.86013
2.5126,-1.2871
2.5686,-1.3263
2.5634,-1.1995
2.3711,-0.80172
2.378,-1.8069
2.2726,-2.2333
2.411,-0.45439
2.5661,-0.91825
2.4552,-0.85316
2.5853,-0.30945
2.2614,-1.3301
2.5634,-1.6258
2.2108,-2.1738
2.3394,-1.015
2.3558,-0.64598
2.2592,-0.23604
2.3979,-1.4077
2.3814,-1.0726
2.2581,-1.8607
2.4604,-1.0467
2.2596,-0.28226
2.2063,-1.927
2.2555,-0.74585
2.4756,-0.78767
2.2657,-1.5358
2.4265,-1.4681
2.2374,-1.1436
2.5844,-0.46546
2.5324,-1.1198
2.3191,-1.4573
2.4035,-1.5347
2.2122,-1.8869
2.3094,-0.98786
2.4873,-0.76067
2.5838,-1.6621
2.5371,-1.1916
2.3531,-1.8374
2.4689,-0.27661
2.3884,-1.0464
2.2233,-0.80894
2.4055,-0.961
2.3055,-0.47631
2.2845,-0.9108
2.5216,-0.77883
2.3297,-0.91747
2.2802,-1.8049
2.3938,-0.16993
2.4024,-1.8873
2.4087,-0.54001
2.443,-1.392
2.4493,-1.8456
2.482,-0.99254
2.2802,-1.4286
2.4205,-2.3263
2.4014,-1.6449
2.4279,-2.2807
2.5012,-0.72271
2.3523,-0.98955
2.4839,-1.2951
2.5802,-1.5904
2.5925,-1.568
2.5385,-1.2435
2.5458,-0.86591
2.5809,-0.84859
2.5062,-1.4216
2.3338,-0.52531
2.5027,-1.9122
2.2387,-1.0884
2.4345,-1.3473
2.4951,-1.1176
2.4353,-0.60071
2.5315,0.26642
2.2333,-1.7895
2.3114,-1.1715
2.5908,-0.76754
2.542,-1.6542
2.3253,-1.0893
2.3348,-0.65506
2.5123,-1.4217
2.3032,-1.1081
2.2367,-2.0891
2.2388,-1.5952
2.3678,-1.0745
2.4873,-1.9188
2.2997,-2.1421
2.3085,-1.5375
2.242,-0.93881
2.3111,-1.021
2.2926,-0.73293
2.5742,-0.22838
2.3933,-1.8023
2.2676,-1.1882
2.2376,-1.7655
3.5603,-1.4253
3.5401,-1.7428
3.2749,-2.0653
3.4162,-1.269
3.4065,-0.87537
3.2366,-1.1535
3.3972,-1.6928
3.2472,-1.0582
3.5087,-2.0329
3.3942,-0.56234
3.2664,-0.95937
3.4337,-1.6396
3.5467,-1.6236
3.2609,-1.0802
3.2715,-2.4505
3.5425,-0.81493
3.3987,-1.5947
3.2034,-1.45
3.275,-1.6109
3.329,-1.9153
3.5658,-2.2244
3.5396,-1.6011
3.5234,-2.4184
3.2823,-1.3403
3.4635,-1.0278
3.5428,-0.89946
3.2677,-0.49298
3.5275,-0.8273
3.3692,-1.777
3.5581,-2.0979
3.4221,-1.2901
3.25,-1.9259
3.3286,-1.4957
3.2726,-0.93954
3.3493,-1.3647
3.412,-1.4926
3.2979,-0.93442
3.3683,-1.0586
3.4359,-2.2393
3.4106,-2.7754
3.3416,-0.44004
3.4576,-2.5773
3.2545,-1.2709
3.2545,-2.1715
3.3397,-1.4062
3.4104,-1.4025
3.3919,-2.0398
3.4226,-1.256
3.3015,-1.6144
3.3459,-0.41575
3.5637,-1.4207
3.2174,-0.99404
3.482,-1.3771
3.3771,-0.94417
3.2163,-1.2998
3.5979,-0.88431
3.3014,-2.0168
3.3639,-2.2209
3.471,-1.4861
3.5576,-1.1096
3.5968,-0.73418
3.5946,-0.79408
3.3803,-0.297
3.2754,-1.9429
3.3725,-0.80455
3.5949,-2.0574
3.4385,-1.1465
3.3509,-0.91195
3.3026,-1.9098
3.491,-2.1322
3.5242,-0.34575
3.2201,-1.9606
3.5205,-0.79202
3.2782,-2.3273
3.5414,-2.1188
3.3069,-1.1061
3.485,-1.1333
3.4068,-1.9802
3.5391,-1.2377
3.5954,-1.4858
3.4532,-2.1711
3.3201,-1.4484
3.3217,-1.2668
3.4329,-1.4797
3.4601,-1.0296
3.4748,-0.66812
3.5281,-1.4573
3.2436,-0.51953
3.3665,-1.4273
3.3535,-0.92309
3.2331,-2.4001
3.5536,-1.3846
3.2884,-3.1376
3.3251,-2.0697
3.4781,-1.9093
3.485,-1.819
3.35,-0.78088
3.4021,-2.0323
3.4576,-2.1754
3.2831,-1.3228
4.4736,-1.5406
4.2692,-1.4713
4.5698,-1.8461
4.383,-1.9435
4.2727,-1.1584
4.3819,-1.8615
4.4869,-0.99798
4.2244,-0.78238
4.3007,-1.6702
4.2916,-1.6795
4.3784,-2.2222
4.5066,-2.437
4.5195,-2.2906
4.4271,-1.4088
4.2786,-2.1575
4.4545,-2.6089
4.2534,-2.5083
4.4276,-2.3735
4.5005,-1.4501
4.5149,-2.1276
4.5882,-1.8346
4.3622,-1.005
4.3359,-2.7832
4.5648,-1.7733
4.3226,-1.7093
4.3847,-2.0846
4.4256,-2.4801
4.2401,-1.7142
4.5724,-2.0938
4.417,-1.828
4.5645,-1.4802
4.5385,-1.3425
4.203,-1.2514
4.5667,-1.4168
4.5176,-1.9199
4.4793,-1.5462
4.244,-2.3364
4.5382,-2.0019
4.5456,-1.6194
4.4623,-2.011
4.4014,-2.0614
4.2028,-1.2936
4.536,-2.2749
4.2775,-1.8613
4.5799,-1.8821
4.4516,-1.8991
4.4338,-1.7383
4.5117,-1.8978
4.4682,-1.1682
4.3423,-2.1004
4.2159,-2.462
4.4359,-1.1997
4.2826,-2.2225
4.5397,-2.2768
4.2736,-2.4089
4.5176,-1.7453
4.4336,-1.1429
4.2088,-1.4575
4.4412,-1.3118
4.3342,-1.6808
4.4288,-1.8462
4.5854,-2.0392
4.4842,-1.693
4.2555,-2.3427
4.3536,-2.3785
4.5466,-2.0406
4.5809,-1.4141
4.321,-1.146
4.2318,-1.8507
4.3389,-1.8825
4.4437,-1.6218
4.2769,-2.12
4.3733,-1.434
4.5022,-1.8514
4.2934,-2.3477
4.2387,-1.8831
4.3908,-1.8026
4.427,-1.4116
4.5388,-1.0339
4.5379,-1.8604
4.3973,-1.4283
4.2967,-2.2275
4.4935,-1.8064
4.5956,-2.7252
4.5519,-1.3705
4.5414,-1.7819
4.5433,-1.3505
4.4302,-0.60242
4.5618,-1.5235
4.594,-2.1215
4.5574,-1.2943
4.3302,-2.1304
4.5871,-2.2787
4.2062,-1.7394
4.4946,-1.7061
4.4964,-1.7976
4.3847,-2.0152
4.456,-2.0025
4.3032,-1.5761
4.5761,-2.1875
5.4128,-2.4267
5.5113,-2.0038
5.3395,-2.8605
5.3699,-1.8242
5.2716,-2.0004
5.5429,-1.8126
5.3532,-1.6753
5.5883,-1.5254
5.563,-2.0496
5.5336,-1.7507
5.3255,-2.6316
5.246,-2.0955
5.4744,-2.0668
5.5879,-2.4527
5.5494,-2.2482
5.3942,-2.4401
5.2595,-2.1792
5.5853,-2.1283
5.364,-2.2541
5.2799,-2.0699
5.4997,-1.7892
5.5318,-2.0196
5.4018,-2.417
5.2879,-2.0783
5.4319,-1.5963
5.4771,-2.1975
5.4191,-2.4847
5.5526,-2.302
5.4588,-1.8305
5.3032,-1.5216
5.4475,-2.1144
5.4138,-1.5786
5.4578,-2.0479
5.2323,-2.2956
5.5096,-2.1141
5.2336,-1.1877
5.2256,-2.1425
5.4703,-2.2565
5.3952,-1.4713
5.4841,-3.1254
5.5704,-2.0194
5.4418,-2.3033
5.2761,-1.8489
5.4317,-1.7101
5.2942,-2.3891
5.4374,-2.3702
5.3304,-2.4331
5.2116,-2.1211
5.3107,-1.7454
5.3782,-2.2202
5.5049,-2.6706
5.3125,-2.4097
5.507,-1.1083
5.2618,-1.9538
5.3112,-2.102
5.384,-1.7514
5.3048,-1.4881
5.4902,-1.3399
5.4622,-1.6583
5.4754,-1.4951
5.5009,-2.4907
5.5854,-1.9446
5.4624,-1.9571
5.3927,-1.7222
5.2616,-2.0271
5.5717,-2.4231
5.351,-2.5915
5.3441,-2.0395
5.273,-1.8114
5.5861,-2.2307
5.4188,-1.8998
5.4464,-1.6656
5.2838,-1.9882
5.2498,-1.7121
5.2888,-2.2879
5.4641,-1.9763
5.2943,-2.1993
5.2446,-1.8438
5.2217,-1.8898
5.3867,-1.7236
5.3995,-1.6476
5.4162,-2.5056
5.2972,-2.2556
5.5762,-2.0578
5.5084,-1.7312
5.3717,-2.0619
5.3318,-2.5424
5.3831,-2.4886
5.4346,-2.0091
5.3326,-2.391
5.5772,-1.7805
5.3301,-2.0019
5.4548,-2.4982
5.3244,-2.5586
5.4457,-2.3769
5.4722,-2.4689
5.3451,-1.8967
5.2794,-2.053
5.3572,-2.6726
5.2178,-2.5633
6.4771,-1.939
6.4747,-2.0307
6.2104,-2.9841
6.4463,-2.515
6.4785,-2.2584
6.4344,-1.9835
6.3891,-2.6365
6.3067,-1.6756
6.5202,-1.9938
6.5795,-2.53
6.5513,-2.9166
6.4035,-2.9789
6.5194,-2.6242
6.4595,-2.0883
6.4505,-2.6117
6.3737,-1.8444
6.2268,-2.6593
6.4578,-1.9015
6.4248,-2.2096
6.3636,-2.8391
6.4128,-2.77
6.3008,-3.0158
6.5567,-2.4147
6.2044,-2.3209
6.3066,-3.1286
6.5326,-2.5803
6.5476,-2.2813
6.2616,-2.2559
6.5021,-2.0304
6.3746,-2.5444
6.3919,-2.2815
6.4207,-2.3006
6.5484,-1.51
6.3864,-2.8263
6.4213,-1.9902
6.2666,-1.9259
6.3152,-1.3753
6.2172,-1.9702
6.3443,-2.3379
6.512,-2.8105
6.548,-2.1663
6.5077,-2.3501
6.29,-1.945
6.3108,-1.8887
6.2702,-2.143
6.4262,-2.7488
6.2562,-1.7539
6.3042,-2.4194
6.2413,-2.3004
6.574,-1.9556
6.5049,-2.5297
6.4579,-2.4799
6.3855,-2.3247
6.2767,-2.6154
6.5134,-1.6178
6.3093,-2.44
6.5141,-2.1616
6.3672,-1.7059
6.4924,-2.1789
6.5246,-2.131
6.5378,-2.2163
6.2689,-1.859
6.23,-2.2522
6.4931,-2.3503
6.2289,-2.8132
6.5762,-2.6016
6.2799,-2.2676
6.4403,-2.77
6.5642,-2.5941
6.5299,-2.3351
6.3091,-2.1226
6.3132,-1.8257
6.4777,-2.484
6.3894,-2.4242
6.5657,-2.4789
6.4729,-2.5733
6.5153,-2.5667
6.2812,-2.6177
6.3708,-2.3618
6.4593,-2.5125
6.3556,-2.6731
6.2811,-2.2278
6.5029,-2.023
6.3362,-2.1823
6.4518,-2.7522
6.4676,-3.1295
6.5769,-2.7978
6.5144,-2.0537
6.3205,-2.4592
6.5271,-1.7617
6.56,-2.5535
6.3642,-1.9625
6.5547,-2.1139
6.3941,-2.1564
6.4759,-2.6236
6.407,-2.434
6.5853,-2.3597
6.3804,-1.9111
6.2429,-1.8007
6.5582,-2.1771
7.4033,-2.4664
7.5111,-2.6248
7.4079,-2.6076
7.387,-2.8723
7.3146,-2.5977
7.4139,-1.8989
7.5686,-2.4204
7.2359,-2.0848
7.5399,-2.3692
7.581,-2.5367
7.4675,-2.9544
7.3588,-2.9621
7.4436,-2.9811
7.5182,-1.7758
7.4661,-2.6161
7.5068,-1.9291
7.2221,-2.3627
7.4602,-2.4783
7.2334,-2.8744
7.307,-1.9364
7.3689,-1.5662
7.3955,-2.0298
7.4492,-1.76
7.2518,-2.3765
7.3847,-2.1857
7.238,-3.0998
7.2377,-2.8683
7.4405,-2.5261
7.3118,-2.4826
7.5125,-2.3557
7.482,-1.8248
7.561,-3.1316
7.4736,-3.1325
7.2375,-2.5383
7.5654,-3.3291
7.5547,-2.6272
7.4211,-2.6609
7.5634,-2.2994
7.509,-3.0058
7.2568,-2.5331
7.4455,-2.5615
7.4991,-2.3622
7.3056,-2.0344
7.3929,-3.4859
7.5538,-3.0098
7.5709,-1.937
7.2901,-2.473
7.5392,-2.2488
7.434,-2.2032
7.3663,-2.1223
7.4486,-2.3585
7.2078,-2.0654
7.3154,-2.474
7.5015,-1.4827
7.4803,-2.313
7.4492,-2.1837
7.4978,-2.5381
7.5973,-3.1771
7.5085,-2.8831
7.2149,-3.0143
7.2664,-1.9667
7.3162,-2.5162
7.3514,-2.0632
7.4514,-2.5606
7.3209,-1.4506
7.5046,-2.5605
7.2974,-2.6555
7.4272,-1.7691
7.5173,-2.4791
7.2694,-3.1827
7.5049,-2.3406
7.3238,-1.7309
7.4349,-2.1549
7.3221,-2.6168
7.4703,-1.4764
7.3844,-2.5217
7.436,-2.7069
7.4602,-1.8847
7.4878,-2.1863
7.4323,-1.5719
7.456,-1.7595
7.3146,-2.3945
7.3994,-2.4922
7.2799,-2.5546
7.5286,-2.7514
7.4916,-2.6996
7.4914,-2.701
7.5276,-3.0691
7.5235,-2.1682
7.2722,-2.69
7.495,-2.8221
7.3064,-2.2889
7.4287,-2.5208
7.4472,-2.2879
7.2788,-1.714
7.3404,-2.2414
7.416,-2.0617
7.3983,-1.9231
7.3969,-2.6028
7.3682,-2.6764
8.5314,-2.3483
8.3796,-2.8969
8.4673,-2.0026
8.4663,-2.8561
8.5162,-2.2355
8.5054,-2.3147
8.4853,-2.1817
8.4011,-2.5675
8.221,-2.8015
8.5583,-2.0726
8.2993,-2.5236
8.5059,-2.386
8.4512,-2.5838
8.2562,-3.1886
8.5438,-2.6457
8.5302,-2.1463
8.2521,-2.5432
8.262,-2.1677
8.3806,-2.378
8.4734,-1.5172
8.575,-2.7129
8.2264,-2.1138
8.5758,-2.8772
8.511,-2.4278
8.4225,-2.4395
8.2742,-2.3154
8.528,-3.005
8.4885,-2.7928
8.3766,-2.6727
8.3337,-2.0768
8.388,-2.9817
8.2791,-2.7865
8.4526,-2.3802
8.5656,-2.9512
8.2316,-3.033
8.2188,-2.1332
8.5254,-1.879
8.2065,-2.1336
8.2826,-2.5353
8.2596,-3.0164
8.4629,-2.2763
8.3088,-2.419
8.3979,-2.6399
8.5673,-2.7307
8.4699,-2.5976
8.5591,-2.8995
8.2812,-1.9768
8.3351,-2.3459
8.2539,-2.4266
8.2976,-3.1675
8.5226,-2.6478
8.5605,-2.8878
8.4837,-2.0579
8.5218,-3.2768
8.5706,-2.2152
8.3173,-2.1423
8.2158,-2.1761
8.5207,-2.4027
8.2928,-2.823
8.2343,-2.5707
8.2293,-2.8207
8.3178,-2.8986
8.4506,-2.6888
8.3332,-2.172
8.2746,-2.2883
8.3446,-2.665
8.3956,-2.2414
8.4321,-2.1697
8.4836,-2.3941
8.3335,-2.1133
8.2018,-3.0481
8.4436,-2.2341
8.4715,-2.2011
8.3943,-2.7564
8.4661,-2.3022
8.4061,-2.4424
8.2005,-2.2412
8.3523,-2.8747
8.479,-2.4627
8.5223,-2.516
8.4212,-3.0962
8.3029,-2.3661
8.3864,-2.3016
8.2388,-2.003
8.4686,-2.7098
8.2247,-3.1364
8.5365,-2.2003
8.2391,-2.7404
8.3529,-2.132
8.3277,-2.7793
8.4993,-2.5696
8.397,-2.4404
8.4484,-3.0687
8.4737,-2.0012
8.5486,-2.3835
8.3848,-2.0534
8.2301,-3.4904
8.2326,-2.7546
8.5286,-2.7903
8.4474,-2.9886
9.2079,-2.473
9.5711,-2.3822
9.256,-2.9888
9.3363,-3.0743
9.2168,-2.8105
9.455,-2.5888
9.4621,-2.6851
9.3181,-2.0899
9.4085,-2.0337
9.5211,-2.6496
9.2873,-2.5643
9.27,-2.6093
9.3199,-3.0372
9.4194,-3.1553
9.2773,-2.7203
9.5569,-2.6262
9.4578,-2.7202
9.2308,-2.695
9.4262,-2.1072
9.4727,-2.3224
9.2954,-2.0725
9.273,-2.8415
9.4814,-2.1262
9.5891,-2.1689
9.5225,-2.3892
9.3042,-2.854
9.4092,-2.5049
9.573,-2.2466
9.3124,-2.89
9.5357,-2.3341
9.4976,-2.3925
9.201,-2.5591
9.413,-2.87
9.5154,-2.609
9.3581,-1.986
9.2394,-2.5742
9.5865,-2.8722
9.2344,-2.2797
9.2883,-2.7133
9.3181,-2.8245
9.2503,-2.8508
9.3602,-3.0498
9.204,-2.6409
9.5983,-2.008
9.3927,-2.787
9.5402,-2.4924
9.5585,-2.5706
9.5271,-2.6697
9.421,-3.0229
9.5008,-2.7107
9.3091,-1.9968
9.5508,-3.1523
9.4172,-2.1853
9.3167,-2.3942
9.4004,-2.4006
9.4231,-2.8459
9.4771,-2.2429
9.371,-2.5169
9.3058,-2.8416
9.5797,-2.7129
9.4006,-2.79
9.4313,-2.5932
9.4984,-1.3967
9.447,-2.9722
9.4065,-2.3988
9.4937,-2.9684
9.5046,-2.8742
9.5122,-3.3529
9.376,-2.7586
9.5849,-2.1521
9.2834,-3.1059
9.3281,-2.6858
9.3439,-3.5309
9.208,-2.4103
9.518,-2.6139
9.4098,-2.6024
9.3123,-2.9363
9.5458,-3.0415
9.4845,-2.7659
9.3663,-2.9179
9.4336,-3.0595
9.5287,-2.6871
9.5432,-2.1568
9.4343,-2.3452
9.4087,-3.0014
9.3315,-2.6501
9.2153,-2.6671
9.5971,-2.0396
9.411,-2.5998
9.5288,-2.5551
9.3114,-2.5158
9.3186,-2.7398
9.4962,-2.2671
9.4969,-2.4421
9.4343,-2.7043
9.3478,-3.0338
9.3095,-2.6635
9.4725,-2.4963
9.3195,-3.3011
9.4846,-2.2935
10.484,-2.9966
10.569,-2.2753
10.247,-2.7093
10.247,-2.6657
10.343,-1.8076
10.307,-2.5508
10.317,-2.9365
10.286,-2.8971
10.3,-2.7637
10.595,-2.8308
10.559,-2.431
10.329,-2.2413
10.452,-3.0437
10.425,-2.93
10.309,-2.7294
10.57,-2.2875
10.241,-2.6819
10.274,-2.9042
10.517,-1.8011
10.443,-2.6131
10.259,-2.0832
10.347,-2.5673
10.267,-2.1106
10.261,-2.7118
10.579,-2.7175
10.59,-2.4678
10.258,-2.6361
10.328,-2.5198
10.483,-2.6116
10.243,-2.3215
10.244,-2.9721
10.457,-2.4787
10.344,-2.9283
10.27,-2.3798
10.395,-2.9751
10.296,-2.6595
10.333,-2.1313
10.355,-2.0524
10.233,-2.7291
10.445,-3.4977
10.363,-2.5589
10.209,-3.0894
10.417,-2.1855
10.547,-2.3744
10.515,-2.763
10.29,-2.774
10.429,-2.3223
10.579,-2.2924
10.351,-2.7909
10.512,-2.8309
10.576,-2.7658
10.325,-2.5929
10.502,-2.5399
10.422,-2.5984
10.234,-3.1962
10.218,-2.1045
10.52,-2.4551
10.237,-2.5768
10.545,-2.8864
10.391,-3.074
10.221,-2.6848
10.527,-2.699
10.208,-2.3988
10.398,-2.5435
10.346,-2.6799
10.278,-2.689
10.245,-2.8744
10.286,-3.4265
10.381,-2.3907
10.461,-2.5325
10.278,-3.2096
10.335,-1.544
10.336,-2.6964
10.474,-2.7852
10.347,-3.2746
10.421,-2.6146
10.249,-3.2432
10.286,-2.7769
10.486,-2.6018
10.412,-2.6911
10.525,-2.49
10.47,-2.2222
10.278,-2.6311
10.288,-2.2356
10.423,-2.8867
10.338,-2.0675
10.599,-2.5131
10.455,-2.9844
10.324,-2.5577
10.519,-3.0701
10.335,-2.3642
10.388,-2.292
10.468,-2.4383
10.533,-2.618
10.561,-3.1671
10.532,-2.2101
10.357,-1.7731
10.297,-2.3513
10.39,-2.4621
10.361,-2.5716
11.422,-2.8657
11.347,-1.6551
11.501,-1.8637
11.202,-2.5776
11.453,-2.6017
11.433,-2.3562
11.36,-2.4471
11.486,-3.4643
11.544,-2.4999
11.567,-2.0671
11.375,-2.5523
11.546,-2.2391
11.377,-2.79
11.303,-2.3207
11.556,-2.5319
11.568,-2.4772
11.261,-2.2574
11.293,-3.3033
11.272,-3.161
11.334,-1.6349
11.562,-2.2603
11.42,-1.7354
11.221,-1.8478
11.243,-1.874
11.352,-2.3614
11.533,-2.4404
11.396,-2.8533
11.394,-1.9495
11.442,-2.9028
11.583,-3.0279
11.267,-2.422
11.332,-2.0025
11.359,-2.4374
11.465,-2.3468
11.428,-2.282
11.302,-2.1207
11.392,-1.2185
11.219,-2.8159
11.515,-2.6601
11.493,-3.2368
11.28,-1.9989
11.374,-2.9459
11.232,-2.0617
11.439,-1.6119
11.47,-2.9221
11.481,-1.5386
11.248,-2.0443
11.374,-2.6975
11.302,-2.2938
11.337,-2.9412
11.564,-2.0511
11.22,-2.2846
11.403,-3.0238
11.243,-2.4091
11.537,-2.4828
11.486,-3.0894
11.476,-3.0764
11.291,-2.4791
11.566,-3.1189
11.376,-3.1517
11.568,-2.2572
11.323,-2.9358
11.597,-2.8129
11.25,-3.1393
11.337,-2.2385
11.575,-3.0239
11.569,-2.7566
11.439,-2.9152
11.207,-2.9519
11.483,-2.9054
11.21,-3.5177
11.495,-1.9281
11.549,-2.9145
11.231,-2.3659
11.508,-2.3933
11.239,-2.1498
11.55,-2.4048
11.37,-1.9389
11.55,-1.902
11.425,-2.6576
11.224,-3.2949
11.564,-3.2816
11.334,-2.6491
11.459,-2.8796
11.218,-2.3175
11.505,-2.6734
11.493,-2.504
11.317,-2.7604
11.54,-2.418
11.276,-1.9549
11.418,-2.3208
11.555,-2.2723
11.26,-2.1748
11.59,-2.3867
11.444,-3.2163
11.432,-2.6424
11.326,-3.1897
11.434,-3.1223
11.4,-2.0754
11.583,-3.1331
12.266,-2.6244
12.271,-2.2375
12.204,-2.7992
12.472,-3.0897
12.562,-2.4997
12.407,-1.7091
12.513,-3.1168
12.206,-2.273
12.366,-2.6962
12.461,-1.5919
12.374,-3.2701
12.576,-2.3
12.541,-2.1282
12.512,-1.4203
12.545,-3.0454
12.412,-2.6755
12.369,-2.3682
12.373,-2.8374
12.298,-2.568
12.287,-2.316
12.284,-2.7059
12.275,-2.6291
12.364,-3.0378
12.519,-2.5731
12.36,-2.5987
12.356,-2.7461
12.303,-2.9952
12.346,-3.0381
12.25,-1.8068
12.329,-2.245
12.365,-2.3098
12.371,-2.4506
12.562,-1.9215
12.492,-2.5663
12.275,-2.3643
12.433,-1.7889
12.406,-3.3501
12.58,-2.4961
12.396,-2.4552
12.498,-2.7252
12.212,-2.137
12.269,-3.0432
12.424,-1.7624
12.397,-2.6801
12.202,-2.0471
12.348,-2.3004
12.433,-2.2689
12.479,-1.7466
12.489,-2.7851
12.383,-3.0986
12.545,-2.5914
12.22,-2.3762
12.467,-3.0978
12.376,-2.3726
12.536,-3.2586
12.364,-3.0123
12.262,-2.0365
12.275,-3.6153
12.499,-2.7566
12.324,-3.1628
12.453,-2.5623
12.384,-2.2057
12.221,-2.5698
12.388,-1.8716
12.463,-2.9205
12.216,-2.4596
12.32,-1.8436
12.566,-1.8773
12.332,-2.413
12.5,-2.5663
12.268,-2.8541
12.539,-2.2908
12.303,-2.539
12.493,-2.377
12.481,-3.1544
12.407,-3.0123
12.292,-2.0342
12.49,-1.5407
12.423,-2.9514
12.469,-2.1868
12.313,-2.9318
12.281,-1.0918
12.498,-2.4447
12.4,-1.8167
12.215,-2.2385
12.305,-2.5319
12.534,-1.5922
12.339,-2.8532
12.381,-2.7101
12.578,-1.9036
12.229,-1.5018
12.533,-2.5787
12.447,-1.9367
12.555,-1.9392
12.495,-1.9405
12.399,-1.8656
12.398,-1.9817
12.513,-1.7971
12.389,-2.516
12.447,-1.9083
13.588,-1.9951
13.357,-2.2848
13.328,-1.7114
13.473,-1.781
13.204,-2.9861
13.546,-1.443
13.261,-1.8906
13.216,-3.6422
13.346,-2.5474
13.338,-1.6526
13.459,-2.1444
13.284,-2.9119
13.393,-1.678
13.547,-1.4141
13.231,-2.1503
13.328,-1.4047
13.218,-2.4214
13.233,-2.726
13.506,-1.2638
13.279,-2.1471
13.572,-2.6016
13.268,-1.9381
13.566,-2.2085
13.271,-2.3622
13.477,-1.4678
13.256,-2.3183
13.314,-2.3331
13.471,-1.5907
13.462,-2.7509
13.506,-1.6674
13.472,-2.0353
13.286,-2.0994
13.319,-2.3105
13.482,-1.7508
13.493,-2.1348
13.348,-2.3024
13.393,-1.7373
13.515,-2.347
13.308,-1.9017
13.571,-1.7766
13.574,-1.5421
13.293,-2.0874
13.34,-2.1109
13.592,-2.3436
13.539,-1.9585
13.448,-1.2107
13.551,-2.0163
13.566,-1.6814
13.267,-2.3788
13.277,-3.4674
13.405,-1.4019
13.204,-2.0957
13.518,-1.9868
13.567,-2.4688
13.446,-3.974
13.439,-2.5618
13.533,-1.1251
13.545,-2.2852
13.359,-2.1706
13.242,-2.1076
13.587,-3.0385
13.525,-1.9225
13.208,-2.5208
13.587,-2.5043
13.398,-1.7775
13.263,-2.2859
13.371,-2.0957
13.469,-1.2509
13.252,-1.5238
13.383,-2.156
13.375,-1.9086
13.418,-1.2438
13.431,-1.9128
13.267,-2.4187
13.577,-1.8929
13.469,-1.8523
13.529,-2.5981
13.498,-1.8479
13.337,-2.0431
13.255,-2.1234
13.496,-2.8822
13.294,-2.1503
13.285,-1.9514
13.426,-1.8593
13.578,-2.6351
13.222,-2.4783
13.217,-2.0424
13.26,-2.104
13.457,-2.0344
13.24,-1.9864
13.201,-1.6598
13.255,-3.2864
13.479,-2.7627
13.316,-2.9367
13.24,-2.1895
13.278,-2.0437
13.352,-2.2054
13.504,-2.9267
13.471,-0.97966
13.477,-2.1903
14.334,-14.719
14.309,-11.011
14.596,-11.495
14.483,-10.196
14.395,-17.778
14.333,-9.3832
14.359,-5.0456
14.513,-10.206
14.47,3.1333
14.351,-11.533
14.443,-21.749
14.514,-11.754
14.489,-6.615
14.247,-10.229
14.416,-20.246
14.556,-9.7349
14.504,-11.935
14.573,-4.0429
14.439,-14.976
14.546,-3.3021
14.558,-10.922
14.511,-3.9051
14.294,-17.313
14.556,-4.0394
14.547,-6.055
14.382,-18.662
14.211,-12.506
14.565,-10.236
14.511,-5.5924
14.267,-5.9799
14.282,-24.214
14.388,-12.16
14.35,-13.623
14.338,-5.7248
14.254,-12.006
14.209,-1.6298
14.595,-10.801
14.316,-17.67
14.487,7.1576
14.225,-24.266
14.531,-13.13
14.236,-1.2168
14.336,-0.19638
14.43,-12.618
14.23,-12.781
14.455,-10.489
14.414,-8.5653
14.528,-13.796
14.32,-8.107
14.536,-3.7157
14.291,-19.569
14.347,-27.835
14.327,-16.584
14.442,-4.3987
14.36,-8.9175
14.6,-7.1011
14.362,-13.849
14.379,-8.7121
14.409,-6.8846
14.42,-16.278
14.324,-0.87652
14.281,-4.9134
14.297,-6.3027
14.492,3.0759
14.385,-9.3247
14.508,-2.0775
14.446,-8.2791
14.226,-7.7859
14.524,0.089614
14.335,-14.657
14.395,-14.439
14.558,-19.723
14.533,-5.9363
14.442,-9.5964
14.259,-27.795
14.387,-8.4465
14.3,-17.566
14.532,3.5427
14.42,-0.39942
14.504,-16.177
14.408,-6.8059
14.537,-4.3724
14.59,-15.734
14.583,-15.834
14.398,-6.5099
14.296,-18.66
14.517,-22.738
14.46,-17.153
14.497,-12.386
14.258,-13.454
14.43,2.2659
14.234,-14.441
14.314,-14.171
14.317,-5.457
14.45,-10.769
14.38,-8.9253
14.329,4.3991
14.48,-13.435
14.579,-4.602
14.392,-13.497
15.205,-30.201
15.45,-26.472
15.418,-34.987
15.525,-32.315
15.441,-31.47
15.284,-32.373
15.279,-31.146
15.331,-31.673
15.31,-36.365
15.275,-28.018
15.258,-30.57
15.543,-34.086
15.347,-33.284
15.312,-31.039
15.476,-28.741
15.594,-38.189
15.567,-31.266
15.251,-34.159
15.303,-26.933
15.511,-36.456
15.413,-26.082
15.535,-36.61
15.501,-23.791
15.241,-30.31
15.582,-33.473
15.295,-30.918
15.284,-32.711
15.538,-32.341
15.589,-25.486
15.556,-33.87
15.249,-32.631
15.222,-29.762
15.462,-31.779
15.446,-25.446
15.21,-32.089
15.586,-31.574
15.403,-36.052
15.568,-30.034
15.216,-29.064
15.468,-38.725
15.323,-28.239
15.451,-32.395
15.598,-27.672
15.572,-27.435
15.455,-30.635
15.203,-28.562
15.597,-27.771
15.252,-33.293
15.306,-28.758
15.431,-27.989
15.342,-35.929
15.401,-33.678
15.546,-37.036
15.51,-36.182
15.315,-35.338
15.581,-27.115
15.279,-26.917
15.555,-34.852
15.243,-31.065
15.259,-28.14
15.531,-30.762
15.252,-36.778
15.365,-29.169
15.528,-30.137
15.422,-25.96
15.344,-37.556
15.497,-29.681
15.509,-26.535
15.5,-35.172
15.561,-35.511
15.493,-34.374
15.476,-36.607
15.376,-27.775
15.279,-28.939
15.492,-32.841
15.224,-30.935
15.497,-34.908
15.253,-29.615
15.267,-28.628
15.262,-34.276
15.2,-34.38
15.287,-33.283
15.358,-34.846
15.242,-26.692
15.355,-33.345
15.323,-30.554
15.524,-24.492
15.428,-39.877
15.549,-31.959
15.589,-26.209
15.4,-36.138
15.495,-35.75
15.443,-32.351
15.412,-26.542
15.429,-31.963
15.483,-32.085
15.347,-33.231
15.221,-35.708
15.389,-26.131
15.234,-28.674
16.356,-57.685
16.201,-55.012
16.479,-50.833
16.237,-58.28
16.452,-59.631
16.357,-50.907
16.266,-56.023
16.475,-57.487
16.449,-51.7
16.266,-49.384
16.519,-50.362
16.489,-56.818
16.587,-50.968
16.423,-55.903
16.342,-51.855
16.415,-57.628
16.598,-57.433
16.467,-53.884
16.405,-58.273
16.56,-48.414
16.467,-56.759
16.217,-55.252
16.288,-48.256
16.39,-53.23
16.458,-50.293
16.327,-53.856
16.57,-52.642
16.365,-57.677
16.334,-44.853
16.444,-49.054
16.529,-59.087
16.289,-60.689
16.395,-61.523
16.589,-51.975
16.433,-50.996
16.288,-59.443
16.496,-53.437
16.313,-51.449
16.285,-49.298
16.282,-57.058
16.255,-51.134
16.52,-52.696
16.432,-59.933
16.207,-54.023
16.338,-42.206
16.26,-56.606
16.333,-58.721
16.572,-58.101
16.248,-53.984
16.312,-51.845
16.287,-53.305
16.369,-57.578
16.209,-50.333
16.347,-49.694
16.525,-65.537
16.476,-57.165
16.39,-49.866
16.214,-52.886
16.347,-59.288
16.324,-51.601
16.245,-54.641
16.434,-58.844
16.333,-56.785
16.422,-55.919
16.421,-52.44
16.307,-62.059
16.241,-51.324
16.249,-58.642
16.418,-55.089
16.495,-56.872
16.517,-60.176
16.397,-54.302
16.375,-60.119
16.213,-57.754
16.435,-53.493
16.386,-48.718
16.381,-59.487
16.327,-49.309
16.428,-51.159
16.574,-54.341
16.271,-59.424
16.596,-53.826
16.481,-60.369
16.321,-50.885
16.595,-52.587
16.367,-52.561
16.23,-56.731
16.264,-51.834
16.381,-54.401
16.589,-57.066
16.506,-58.293
16.568,-57.822
16.564,-54.806
16.479,-53.826
16.272,-57.745
16.237,-59.907
16.216,-51.547
16.284,-56.98
16.464,-57.083
16.566,-55.654
17.355,-72.578
17.434,-72.824
17.387,-84.362
17.287,-70.617
17.262,-74.834
17.578,-68.775
17.287,-75.338
17.451,-77.488
17.551,-74.556
17.543,-75.699
17.234,-68.246
17.532,-84.948
17.331,-76.398
17.329,-75.746
17.228,-82.973
17.556,-69.832
17.459,-80.93
17.321,-75.968
17.275,-75.651
17.205,-71.384
17.257,-67.963
17.581,-79.896
17.573,-76.5
17.596,-68.899
17.373,-82.351
17.356,-78.395
17.339,-80.652
17.411,-77.565
17.324,-68.004
17.204,-72.056
17.437,-84.494
17.502,-77.298
17.571,-84.815
17.478,-74.162
17.372,-71.444
17.269,-78
17.317,-74.473
17.324,-85.24
17.532,-84.072
17.433,-90.914
17.576,-78.367
17.573,-73.127
17.344,-79.297
17.215,-72.085
17.586,-83.483
17.318,-75.806
17.237,-73.832
17.512,-73.377
17.5,-72.792
17.264,-71.227
17.315,-76.426
17.279,-78.499
17.435,-78.156
17.41,-70.964
17.328,-67.806
17.491,-78.751
17.417,-80.2
17.598,-71.171
17.568,-76.215
17.448,-79.118
17.474,-76.829
17.234,-65.521
17.475,-77.102
17.31,-74.973
17.334,-76.456
17.382,-77.059
17.37,-77.566
17.531,-87.361
17.222,-83.059
17.544,-85.672
17.457,-73.131
17.598,-78.352
17.593,-80.227
17.513,-68.452
17.378,-73.12
17.549,-74.045
17.414,-75.519
17.226,-82.148
17.533,-77.642
17.302,-76.985
17.348,-75.704
17.521,-68.78
17.462,-70.621
17.579,-73.802
17.313,-78.56
17.411,-75.458
17.428,-83.099
17.502,-85.204
17.345,-72.128
17.202,-76.458
17.342,-67.461
17.36,-85.105
17.519,-74.062
17.395,-70.922
17.218,-74.84
17.516,-81.254
17.246,-80.925
17.532,-79.017
17.216,-66.827
17.443,-89.836
18.237,-85.361
18.449,-94.345
18.443,-88.37
18.206,-96.986
18.264,-87.807
18.459,-96.909
18.228,-90.468
18.57,-102.66
18.549,-92.682
18.548,-82.685
18.505,-99.263
18.322,-96.477
18.57,-96.93
18.434,-94.167
18.531,-91.96
18.245,-93.095
18.532,-96.791
18.57,-96.141
18.465,-83.929
18.415,-98.133
18.44,-95.562
18.526,-100.12
18.512,-99.545
18.39,-90.321
18.252,-86.281
18.345,-91.733
18.433,-94.042
18.367,-93.925
18.256,-94.522
18.411,-99.31
18.397,-87.161
18.333,-85.623
18.327,-93.12
18.484,-89.541
18.399,-90.23
18.327,-98.398
18.517,-87.737
18.318,-94.928
18.35,-98.932
18.509,-94.202
18.238,-97.554
18.328,-90.983
18.397,-99.945
18.489,-90.434
18.227,-95.288
18.458,-99.927
18.494,-85.976
18.589,-89.392
18.502,-94.756
18.285,-93.858
18.415,-95.712
18.299,-94.973
18.526,-95.551
18.46,-93.161
18.599,-97.086
18.208,-94.118
18.201,-94.538
18.304,-97.896
18.275,-98.97
18.512,-85.838
18.302,-100.26
18.581,-85.575
18.473,-95.108
18.316,-96.158
18.385,-93.278
18.371,-85.243
18.208,-89.161
18.458,-96.582
18.458,-94.741
18.213,-93.179
18.32,-102.95
18.483,-93.408
18.392,-95.394
18.209,-95.809
18.47,-90.187
18.237,-96.013
18.315,-89.592
18.276,-96.993
18.577,-107.21
18.25,-87.311
18.373,-95.137
18.543,-89.167
18.357,-98.416
18.403,-98.069
18.282,-90.15
18.445,-93.215
18.432,-90.497
18.449,-91.143
18.293,-78.3
18.37,-97.895
18.448,-83.808
18.562,-94.483
18.427,-96.035
18.439,-99.25
18.444,-95.627
18.42,-83.284
18.261,-80.44
18.308,-87.731
18.252,-87.477
18.223,-95.413
19.263,-110.1
19.266,-109.92
19.346,-112.87
19.356,-113.5
19.483,-100.6
19.582,-115.43
19.215,-107.55
19.549,-112.49
19.256,-102.34
19.423,-108.83
19.559,-111.78
19.588,-102.75
19.295,-108.52
19.269,-106.99
19.252,-115.21
19.211,-103.66
19.501,-101.86
19.417,-104.12
19.504,-110.6
19.552,-106.71
19.546,-116.95
19.382,-99.257
19.362,-101.37
19.403,-107.41
19.581,-104.7
19.234,-112.97
19.487,-103.52
19.23,-114.5
19.39,-98.916
19.567,-116.84
19.588,-111.44
19.242,-110.66
19.474,-100.49
19.462,-107.09
19.534,-110.61
19.366,-99.33
19.393,-108.75
19.524,-104.59
19.349,-109.11
19.263,-98.351
19.546,-108.17
19.49,-100.27
19.214,-108.33
19.446,-100.37
19.277,-112.41
19.239,-111.86
19.418,-115.72
19.532,-107.4
19.331,-106.33
19.512,-104.84
19.589,-114.13
19.482,-106.16
19.592,-115.48
19.367,-118.16
19.319,-113.31
19.49,-105.27
19.533,-104.37
19.595,-104.45
19.365,-118.81
19.224,-113.44
19.31,-105.25
19.388,-100.41
19.487,-109.46
19.451,-100.03
19.406,-103.89
19.237,-107.33
19.382,-101.41
19.512,-105.21
19.284,-103.31
19.437,-101.65
19.541,-109.84
19.223,-105.54
19.388,-108.09
19.256,-116.69
19.384,-103.16
19.406,-116.65
19.348,-114.28
19.231,-106.53
19.463,-103.74
19.309,-98.797
19.414,-111.16
19.247,-101.03
19.383,-106.81
19.425,-96.659
19.242,-117.31
19.564,-105.05
19.365,-112.9
19.322,-99.138
19.449,-106.07
19.346,-113.09
19.575,-108.04
19.523,-110.25
19.458,-102.72
19.49,-109.3
19.546,-99.787
19.581,-109.14
19.255,-102.38
19.567,-110.12
19.472,-113.86
19.57,-92.875
20.485,-118.47
20.514,-102.62
20.5,-114.14
20.3,-111.97
20.278,-119.65
20.558,-112.25
20.383,-113.47
20.545,-126.65
20.558,-109.68
20.291,-126.27
20.249,-120.47
20.446,-121.93
20.296,-106
20.592,-110.13
20.227,-127.33
20.419,-116
20.258,-114.17
20.222,-110.48
20.476,-123.45
20.28,-120.84
20.588,-117.99
20.578,-114.68
20.33,-113.61
20.554,-105.63
20.217,-107.05
20.265,-124.01
20.41,-115.67
20.481,-119.13
20.49,-114.12
20.397,-109.45
20.576,-121.35
20.237,-108.75
20.581,-109.55
20.516,-131.81
20.364,-120.45
20.41,-116.19
20.261,-117.63
20.385,-115.51
20.215,-114.82
20.399,-113.68
20.42,-118.41
20.423,-109.38
20.244,-112.89
20.534,-116.27
20.435,-113.67
20.594,-119.95
20.401,-111.52
20.478,-108.53
20.587,-115.58
20.518,-123.4
20.229,-116.95
20.561,-105.33
20.493,-118.98
20.28,-100.68
20.472,-106.05
20.246,-120.11
20.315,-117.19
20.515,-109.97
20.499,-101.11
20.267,-108.24
20.263,-110.4
20.564,-111.36
20.497,-113.84
20.593,-117.9
20.426,-110.57
20.565,-119.49
20.219,-118.5
20.341,-114.35
20.233,-114.98
20.597,-124.47
20.264,-119.63
20.265,-108.94
20.582,-115.76
20.561,-125.46
20.566,-121.21
20.388,-115.51
20.556,-117.7
20.455,-117.17
20.288,-111.02
20.247,-114.94
20.576,-110.64
20.542,-119.44
20.439,-111.23
20.556,-121.44
20.422,-117.93
20.2,-113.7
20.224,-114.8
20.29,-118.83
20.292,-108.86
20.317,-121.24
20.542,-119.59
20.319,-118.19
20.292,-114.78
20.511,-114.02
20.365,-118.23
20.204,-115.13
20.284,-110.2
20.238,-113.75
20.244,-113.73
20.598,-117.81
21.4,-128.09
21.232,-118.66
21.507,-123.05
21.334,-122.55
21.304,-119.77
21.307,-119.48
21.574,-109.64
21.345,-111.85
21.532,-111.71
21.548,-118.22
21.332,-117.07
21.38,-126.7
21.303,-118.83
21.288,-109.39
21.262,-117.92
21.515,-107.11
21.312,-113.2
21.438,-129.08
21.281,-108.62
21.541,-108.01
21.541,-114.19
21.477,-120.81
21.548,-119.41
21.243,-114.92
21.599,-111.71
21.414,-119.69
21.319,-126.13
21.511,-118.54
21.268,-120.58
21.441,-122.63
21.205,-114.85
21.462,-122.8
21.512,-124
21.26,-124.12
21.446,-112.06
21.241,-104.63
21.304,-111.46
21.296,-121.73
21.294,-111.13
21.464,-113.38
21.593,-115.08
21.283,-119.1
21.579,-115.15
21.587,-116.99
21.566,-115.72
21.451,-116.2
21.209,-105.06
21.249,-113.61
21.463,-119.52
21.506,-106.05
21.335,-125.92
21.275,-103.93
21.303,-121.44
21.499,-118.36
21.527,-126.08
21.41,-121.4
21.37,-128.05
21.54,-117.22
21.439,-108.36
21.512,-114.37
21.489,-120.63
21.337,-112.46
21.485,-112.76
21.422,-110.76
21.235,-121.14
21.476,-108.49
21.204,-121.92
21.476,-119.86
21.202,-112.25
21.445,-118.13
21.374,-114.01
21.413,-105.16
21.453,-125.83
21.381,-124.33
21.561,-115.01
21.281,-117.65
21.305,-126.07
21.206,-112.71
21.573,-116.31
21.525,-126.43
21.469,-123.53
21.227,-114.28
21.334,-122.28
21.372,-107.79
21.424,-111.37
21.333,-109.55
21.392,-116.71
21.329,-116.77
21.469,-108.25
21.459,-114.76
21.413,-123.58
21.428,-121.94
21.533,-117.62
21.475,-128.25
21.332,-124.34
21.314,-110.13
21.219,-109.33
21.439,-115.34
21.554,-125.71
21.421,-116.67
22.392,-99.965
22.589,-127.87
22.594,-118.19
22.264,-106.93
22.587,-111.06
22.434,-98.602
22.525,-98.701
22.532,-119.77
22.557,-111.65
22.551,-117.06
22.334,-109.1
22.39,-118.97
22.403,-115.2
22.423,-116.72
22.42,-110.26
22.314,-98.705
22.279,-109.74
22.417,-113.44
22.216,-111.73
22.43,-127.56
22.27,-112.23
22.357,-122.65
22.525,-120.49
22.304,-126.01
22.248,-118.8
22.348,-118.87
22.324,-107.56
22.51,-104.65
22.285,-118.13
22.383,-105.58
22.252,-121.48
22.496,-113.24
22.401,-110
22.265,-123.36
22.443,-114.48
22.556,-113.32
22.406,-103.7
22.592,-120.45
22.385,-128.51
22.542,-118.37
22.301,-110.86
22.44,-122.71
22.389,-101.28
22.305,-102.18
22.403,-110.84
22.425,-118.16
22.404,-117.65
22.484,-111.5
22.506,-117.97
22.455,-114.57
22.421,-118.65
22.335,-108.39
22.249,-115.02
22.467,-111.68
22.555,-109.42
22.594,-113.12
22.3,-115.37
22.263,-112.88
22.566,-116.53
22.415,-113.52
22.356,-101.11
22.455,-100.1
22.349,-123.63
22.583,-117.78
22.211,-115.69
22.312,-119.77
22.397,-118.19
22.548,-115.57
22.306,-107.26
22.295,-113.43
22.299,-105.29
22.316,-121.51
22.248,-118.78
22.215,-107.17
22.561,-112.51
22.409,-104.64
22.271,-104.75
22.493,-101.28
22.443,-110.03
22.223,-106.42
22.39,-126.61
22.453,-105.18
22.5,-112.74
22.218,-109.75
22.516,-111.4
22.541,-120.71
22.509,-106.43
22.42,-102.54
22.221,-109.56
22.221,-105.41
22.464,-107.03
22.576,-100.3
22.572,-100.08
22.428,-117.9
22.493,-118.32
22.347,-113.08
22.257,-110.22
22.373,-123.81
22.578,-113.38
22.277,-94.052
23.562,-94.669
23.574,-100.79
23.236,-96.353
23.261,-94.576
23.427,-109.59
23.421,-96.931
23.285,-86.625
23.266,-102.92
23.451,-111.23
23.515,-93.449
23.594,-104.9
23.437,-96.11
23.468,-91.168
23.202,-105.51
23.591,-110.38
23.269,-93.037
23.293,-108.15
23.337,-94.489
23.59,-104.82
23.578,-81.881
23.402,-93.565
23.355,-86.254
23.568,-103.87
23.493,-117.88
23.34,-94.1
23.349,-99.273
23.252,-92.961
23.44,-102.11
23.393,-98.87
23.532,-93.838
23.455,-109.16
23.369,-100.74
23.415,-129.68
23.559,-101.68
23.467,-105.54
23.408,-103.71
23.543,-107.64
23.283,-105.02
23.308,-103.75
23.458,-106.53
23.427,-96.214
23.507,-96.659
23.465,-102.26
23.31,-101.89
23.426,-102.34
23.454,-97.566
23.276,-108.44
23.437,-91.71
23.358,-85.576
23.508,-109.73
23.414,-98.267
23.463,-92.659
23.226,-111.97
23.57,-98.377
23.295,-100.38
23.495,-108.07
23.455,-100.16
23.563,-98.386
23.371,-82.753
23.569,-101.73
23.447,-108.17
23.394,-96.394
23.471,-105.27
23.231,-108.9
23.3,-84.037
23.346,-102.73
23.331,-104.42
23.28,-90.175
23.213,-89.648
23.564,-93.369
23.48,-106.15
23.311,-99.797
23.456,-99.994
23.438,-101.42
23.209,-85.208
23.295,-103.56
23.593,-100.66
23.293,-105.38
23.401,-99.397
23.561,-102.31
23.431,-92.133
23.263,-107.42
23.401,-90.99
23.215,-101.57
23.483,-105.17
23.591,-98.731
23.349,-87.338
23.472,-86.062
23.288,-101.98
23.426,-124.35
23.372,-91.138
23.463,-110.99
23.366,-80.75
23.403,-98.362
23.372,-92.453
23.308,-96.962
23.236,-109.46
23.514,-102.3
23.316,-90.402
23.509,-99.247
24.259,-83.876
24.5,-82.274
24.297,-78.625
24.439,-83.906
24.569,-67.063
24.389,-85.927
24.597,-92.917
24.582,-85.941
24.227,-109.38
24.301,-85.198
24.329,-71.107
24.42,-92.968
24.532,-92.831
24.59,-59.772
24.467,-107.88
24.34,-69.97
24.288,-69.896
24.245,-98.724
24.394,-72.935
24.276,-57.798
24.594,-74.47
24.516,-92.836
24.321,-79.761
24.209,-68.228
24.509,-75.692
24.431,-79.608
24.535,-83.537
24.594,-54.997
24.509,-94.22
24.517,-88.983
24.202,-80.759
24.201,-91.457
24.592,-129.31
24.554,-87.128
24.245,-88.26
24.459,-72.702
24.504,-106.46
24.491,-83.796
24.351,-119.95
24.312,-102.23
24.595,-92.905
24.354,-90.503
24.319,-92.132
24.539,-90.114
24.231,-71.727
24.433,-88.477
24.468,-47.694
24.351,-91.991
24.31,-85.193
24.377,-92.412
24.47,-77.218
24.394,-76.547
24.282,-76.902
24.308,-82.574
24.577,-105.02
24.285,-81.138
24.478,-78.557
24.438,-60.295
24.574,-82.641
24.563,-79.292
24.553,-70.327
24.422,-78.424
24.329,-92.942
24.502,-66.464
24.599,-72.082
24.349,-65.719
24.403,-77.696
24.409,-83.727
24.35,-70.252
24.319,-98.174
24.377,-81.384
24.535,-80.521
24.29,-84.104
24.392,-72.227
24.519,-106.78
24.414,-92.689
24.208,-92.939
24.317,-68.88
24.319,-96.107
24.509,-74.447
24.373,-93.221
24.482,-79.968
24.22,-88.057
24.212,-92.235
24.334,-94.181
24.338,-84.449
24.52,-86.304
24.371,-80.774
24.594,-73.107
24.506,-59.323
24.416,-58.694
24.423,-87.448
24.242,-86.029
24.441,-89.071
24.315,-92.426
24.396,-85.329
24.452,-117.27
24.559,-87.959
24.268,-93.031
24.208,-65.902
25.335,-72.064
25.389,-74.256
25.463,-65.718
25.247,-76.1
25.24,-90.422
25.303,-38.216
25.547,-91.199
25.499,-73.046
25.594,-71.356
25.259,-84.911
25.535,-50.946
25.486,-88.282
25.378,-45.16
25.503,-52.955
25.419,-66.978
25.585,-64.897
25.362,-47.627
25.579,-48.194
25.543,-67.942
25.338,-47.335
25.459,-39.693
25.225,-101.43
25.385,-89.788
25.295,-47.421
25.396,-78.979
25.516,-66.362
25.431,-54.75
25.541,-107.18
25.469,-34.943
25.415,-67.645
25.548,-41.353
25.433,-28.454
25.389,-56.191
25.396,-94.052
25.504,-58.87
25.514,-54.645
25.203,-31.7
25.495,-44.821
25.474,-72.331
25.5,-92.877
25.579,-46.886
25.206,-56.144
25.23,-29.824
25.487,-72.446
25.236,-47.382
25.253,-57.508
25.295,-72.791
25.527,-30.813
25.434,-54.853
25.372,-53.71
25.203,-50.861
25.533,-66.488
25.403,-60.669
25.59,-22.873
25.452,-13.713
25.31,-89.431
25.515,-30.79
25.249,-84.697
25.459,-55.839
25.236,-40.495
25.256,-49.953
25.494,-38.284
25.551,-88.211
25.359,-57.534
25.363,-53.619
25.507,-66.393
25.294,-43.74
25.596,-39.719
25.459,-70.024
25.221,-87.236
25.457,-96.736
25.264,-60.801
25.441,-72.141
25.332,-50.738
25.529,-23.404
25.589,-36.484
25.291,-44.301
25.247,-85.962
25.411,-55.009
25.294,-27.819
25.485,-72.123
25.422,-67.736
25.294,-60.465
25.275,-67.232
25.278,-87.294
25.474,-80.178
25.327,-74.421
25.488,-31.75
25.272,-71.88
25.469,-68.679
25.381,-38.035
25.408,-73.808
25.3,-18.644
25.439,-57.638
25.347,-68.056
25.319,-80.182
25.538,-4.6904
25.544,-84.888
25.294,-78.745
25.363,-42.791
26.532,1.3327
26.423,-91.571
26.506,-48.817
26.357,-52.325
26.424,-53.436
26.412,-28.224
26.497,-42.017
26.305,-41.405
26.43,-41.324
26.274,-65.461
26.376,-10.495
26.258,-22.417
26.321,-54.277
26.352,6.2618
26.565,1.2612
26.236,-60.395
26.225,-5.4454
26.576,-56.916
26.393,-36.582
26.507,-47.369
26.333,-30.811
26.362,-72.673
26.559,-60.992
26.259,-52.602
26.253,-40.966
26.4,-16.683
26.402,-21.105
26.312,-15.604
26.421,-73.938
26.531,-26.141
26.375,-63.915
26.221,4.7781
26.216,-26.534
26.483,-21.499
26.529,-35.154
26.469,-64.873
26.35,14.549
26.331,-36.583
26.593,-60.221
26.424,-41.66
26.222,-21.861
26.251,-3.3868
26.304,-44.13
26.488,2.1734
26.595,-50.699
26.491,-40.256
26.256,-40.218
26.238,-70.028
26.268,-4.1657
26.384,-81.142
26.44,-48.783
26.213,-17.511
26.524,-52.136
26.23,-22.194
26.485,-34.766
26.224,-34.697
26.445,-51.261
26.426,-28.942
26.496,-13.293
26.555,-7.0419
26.312,-29.005
26.484,-35.434
26.284,-67.526
26.445,-38.988
26.267,-23.457
26.233,-26.818
26.448,-27.384
26.38,-35.12
26.378,7.1076
26.552,-71.717
26.397,-59.402
26.304,-0.58732
26.576,-41.074
26.295,10.723
26.3,-55.426
26.283,-73.408
26.214,-41.432
26.222,-29.778
26.454,-7.9383
26.388,-55.408
26.489,-77.702
26.474,-53.19
26.379,-49.158
26.539,-22.28
26.378,9.9144
26.235,-38.948
26.378,-64.604
26.512,-76.728
26.474,-12.077
26.572,-9.1727
26.552,-53.809
26.35,-34.375
26.356,-49.83
26.27,-27.308
26.236,-29.253
26.573,-52.8
26.259,-22.973
26.41,-52.028
26.477,-50.632
26.324,-49.511
27.51,0.42594
27.352,10.599
27.271,27.276
27.242,-3.3776
27.462,-51.502
27.513,-24.545
27.298,-35.716
27.418,-3.2181
27.33,26.502
27.202,-8.8257
27.563,-72.516
27.295,-29.669
27.571,-0.73952
27.407,4.2228
27.568,46.874
27.56,-4.344
27.271,19.959
27.45,2.7814
27.243,-41.011
27.492,-7.9777
27.48,13.289
27.286,-9.0227
27.369,-50.051
27.563,-37.766
27.41,-29.858
27.27,-8.3049
27.23,-30.55
27.263,-62.127
27.496,-42.787
27.215,-3.6693
27.231,28.439
27.379,-42.374
27.251,-29.7
27.329,3.6477
27.243,-38.391
27.49,-61.704
27.354,8.5421
27.457,-79.644
27.378,-1.9399
27.353,-48.212
27.317,21.236
27.462,-22.443
27.26,-29.686
27.496,-7.2015
27.513,-16.897
27.441,-26.613
27.549,56.601
27.364,-13.977
27.597,2.0673
27.444,-67.859
27.279,-46.811
27.274,-0.48527
27.304,28.531
27.266,-25.865
27.261,-15.705
27.404,-11.489
27.559,8.3837
27.413,-14.085
27.369,-39.921
27.512,-9.5346
27.267,-57.131
27.243,-0.66718
27.586,-16.724
27.255,30.821
27.213,4.0817
27.577,2.4796
27.526,15.976
27.346,28.205
27.213,-9.5681
27.271,-6.4401
27.39,5.1701
27.584,29.844
27.576,-13.719
27.505,-16.432
27.579,-48.446
27.516,-10.904
27.589,23.188
27.321,-3.5531
27.298,-16.768
27.5,-2.4655
27.3,-13.085
27.419,-12.771
27.391,-28.587
27.227,-29.961
27.222,-13.035
27.258,-17.504
27.441,-7.5969
27.286,-19.907
27.205,-17.034
27.307,9.4606
27.392,-0.13404
27.204,10.888
27.474,14.497
27.56,-52.45
27.297,2.4094
27.567,-30.798
27.204,20.758
27.273,12.798
27.484,-35.644
27.561,-26.878
28.516,8.4495
28.264,3.4387
28.6,-7.5359
28.583,-25.044
28.369,8.8051
28.2,88.395
28.427,-26.067
28.541,-6.5249
28.598,-4.5296
28.389,3.4147
28.503,27.713
28.315,15.707
28.422,1.3062
28.505,20.214
28.502,28.612
28.527,-1.6454
28.332,-18.578
28.507,-2.1941
28.358,13.724
28.32,-7.5897
28.348,6.602
28.262,68.132
28.273,-26.333
28.302,-7.159
28.418,52.06
28.431,41.322
28.451,20.343
28.388,-5.6868
28.23,-3.6994
28.596,38.474
28.222,-6.0193
28.417,-8.9269
28.423,51.349
28.411,-32.654
28.558,-29.757
28.38,-24.661
28.221,23.14
28.473,5.7627
28.23,42.663
28.571,-6.3571
28.492,17.475
28.228,7.3299
28.293,8.2625
28.313,-17.45
28.547,7.0966
28.508,24.976
28.54,-1.5026
28.368,-19.772
28.436,18.717
28.284,37.104
28.349,-0.97562
28.576,59.48
28.416,23.417
28.544,32.129
28.406,15.308
28.351,19.822
28.318,-43.263
28.316,16.86
28.228,-30.887
28.226,-3.2079
28.394,7.0809
28.488,-18.491
28.313,0.29213
28.393,12.51
28.55,45.494
28.234,66.316
28.455,-3.8782
28.246,-8.2101
28.336,37.996
28.54,27.76
28.406,-17.925
28.507,-10.428
28.323,25.664
28.324,27.808
28.264,17.317
28.226,19.398
28.354,11.64
28.55,7.0565
28.504,35.503
28.46,9.3907
28.582,6.2143
28.357,53.56
28.386,30.872
28.361,-13.378
28.491,19.945
28.267,15.358
28.26,-41.003
28.361,-6.3607
28.59,37.944
28.412,36.269
28.58,-1.0567
28.598,9.8957
28.496,15.556
28.493,13.716
28.508,7.1514
28.298,-31.834
28.359,23.375
28.28,54.055
28.425,19.183
28.514,-6.5426
29.301,26.983
29.342,18.691
29.294,20.487
29.503,30.174
29.427,17.754
29.323,29.776
29.57,33.379
29.326,35.155
29.203,50.811
29.536,19.255
29.232,37.094
29.587,15.749
29.234,21.296
29.494,14.826
29.375,54.248
29.508,38.244
29.283,11.765
29.375,32.757
29.447,47.982
29.585,14.094
29.387,52.987
29.293,33.64
29.374,28.283
29.436,6.7513
29.32,38.502
29.404,-0.54363
29.405,38.327
29.5,30.396
29.248,14.711
29.453,2.8076
29.434,9.6227
29.529,7.9453
29.574,20.842
29.507,6.8724
29.459,16.621
29.558,30.515
29.452,23.618
29.533,13.045
29.303,54.017
29.205,35.337
29.509,11.943
29.36,37.816
29.414,7.2405
29.327,40.98
29.329,37.818
29.295,45.78
29.581,28.373
29.551,34.482
29.507,24.298
29.498,10.117
29.532,24.166
29.442,-2.3829
29.343,49.911
29.363,63.296
29.348,21.467
29.33,65.379
29.236,27.864
29.342,9.5786
29.247,12.321
29.258,26.425
29.415,33.138
29.504,34.023
29.404,9.2841
29.514,32.463
29.431,8.4617
29.333,58.394
29.238,38.611
29.253,1.904
29.47,47.122
29.587,32.294
29.221,-5.265
29.528,16.382
29.452,1.7365
29.569,46.64
29.576,32.299
29.46,62.384
29.508,38.934
29.521,39.776
29.283,-3.3822
29.292,61.09
29.425,-11.569
29.307,24.092
29.266,21.997
29.319,26.468
29.582,42.475
29.512,28.004
29.511,44.456
29.289,12.445
29.452,82
29.436,22.308
29.263,59.774
29.392,23.049
29.553,-2.0562
29.254,32.62
29.437,41.21
29.465,30.928
29.328,20.525
29.501,48.882
29.496,26.643
29.577,38.246
30.442,45.179
30.449,45.891
30.454,5.8784
30.498,38.985
30.541,26.611
30.538,45.285
30.524,44.717
30.581,21.934
30.351,24.104
30.559,36.308
30.548,33.445
30.416,24.474
30.533,46.166
30.565,19.096
30.231,30.526
30.329,13.897
30.269,17.885
30.474,35.115
30.402,23.445
30.291,20.149
30.586,57.645
30.25,36.246
30.469,30.814
30.536,50.557
30.394,50.825
30.514,36.367
30.373,46.098
30.474,12.321
30.367,37.107
30.548,37.452
30.289,38.063
30.284,41.53
30.352,40.262
30.219,45.178
30.293,29.405
30.526,39.994
30.263,21.881
30.327,39.934
30.227,33.514
30.258,32.993
30.474,62.6
30.385,45.394
30.323,34.116
30.243,41.262
30.491,55.649
30.43,30.947
30.539,42.815
30.551,26.359
30.346,43.581
30.217,34.586
30.354,40.064
30.411,46.301
30.455,33.696
30.46,51.816
30.48,25.139
30.425,37.365
30.219,15.034
30.307,34.896
30.332,60.41
30.234,21.2
30.264,33.505
30.496,38.074
30.495,30.631
30.576,36.998
30.552,53.588
30.56,32.55
30.272,31.277
30.321,36.537
30.276,28.003
30.481,40.205
30.447,20.787
30.299,47.223
30.243,26.943
30.43,24.814
30.596,55.91
30.527,26.365
30.501,29.871
30.49,27.285
30.496,19.634
30.261,35.88
30.516,10.044
30.526,40.604
30.29,48.3
30.391,23.521
30.588,53.315
30.367,45.733
30.504,22.143
30.507,7.9908
30.437,34.835
30.449,50.228
30.261,44.95
30.467,17.089
30.585,34.3
30.581,4.7599
30.227,41.976
30.48,43.756
30.244,24.05
30.561,61.763
30.541,37.263
30.454,27.203
31.494,39.297
31.257,42.936
31.578,52.778
31.594,44.775
31.297,47.936
31.584,35.701
31.345,37.821
31.284,32.907
31.29,37.678
31.34,37.954
31.221,37.106
31.535,42.005
31.268,31.731
31.445,43.681
31.367,40.031
31.21,38.093
31.471,35.833
31.223,29.669
31.441,34.175
31.507,45.058
31.498,31.732
31.458,42.435
31.377,32.782
31.549,38.345
31.275,31.69
31.292,43.689
31.594,29.748
31.402,31.782
31.421,26.482
31.334,28.536
31.408,36.824
31.237,31.678
31.514,43.865
31.303,29.983
31.568,38.461
31.313,19.697
31.245,47.808
31.459,35.9
31.287,33.507
31.207,43.143
31.388,31.598
31.478,40.388
31.219,36.513
31.286,35.661
31.261,31.75
31.495,43.996
31.446,28.584
31.345,47.695
31.456,44.573
31.537,45.717
31.327,43.319
31.265,36.739
31.525,28.622
31.43,44.457
31.562,28.105
31.296,41.236
31.531,34.468
31.429,35.076
31.367,41.567
31.589,51.728
31.327,40.439
31.209,32.462
31.582,47.584
31.324,32.433
31.315,33.36
31.452,29.71
31.42,31.698
31.354,41.444
31.298,40.115
31.229,46.795
31.46,29.101
31.293,52.007
31.211,41.486
31.306,40.705
31.423,27.474
31.451,40.994
31.244,38.574
31.243,46.746
31.461,38.143
31.547,30.135
31.229,36.232
31.578,37.018
31.208,32.851
31.206,36.144
31.205,33.025
31.536,39.439
31.309,35.56
31.574,43.104
31.271,30.05
31.493,46.936
31.565,32.654
31.596,35.23
31.331,43.284
31.439,31.687
31.372,41.528
31.538,39.119
31.562,39.158
31.256,36.655
31.434,44.004
31.49,42.355
32.42,42.593
32.27,29.331
32.474,50.113
32.536,39.149
32.218,55.984
32.331,69.358
32.581,45.259
32.279,44.441
32.491,34.6
32.568,42.95
32.526,39.736
32.535,40.052
32.402,35.434
32.384,49.956
32.328,39.628
32.249,53.662
32.327,51.64
32.331,58.469
32.426,51.107
32.38,40.419
32.232,43.617
32.408,40.912
32.558,65.55
32.263,53.899
32.467,53.756
32.39,56.666
32.338,49.695
32.405,42.792
32.307,35.485
32.222,56.884
32.438,30.585
32.568,45.173
32.265,50.48
32.249,34.31
32.57,45.048
32.21,39.091
32.45,37.929
32.301,31.897
32.513,33.192
32.344,41.181
32.413,51.589
32.536,33.844
32.421,24.264
32.439,46.364
32.213,43.993
32.534,58.494
32.326,46.349
32.564,30.321
32.286,55.041
32.307,27.398
32.458,51.926
32.51,47.754
32.245,37.706
32.239,24.092
32.303,41.086
32.443,57.506
32.562,29.925
32.528,39.357
32.291,28.731
32.498,31.265
32.397,42.164
32.503,37.529
32.337,33.692
32.297,42.796
32.524,25.552
32.497,34.058
32.52,38.564
32.338,61.175
32.507,21.834
32.387,53.117
32.309,43.272
32.37,18.838
32.556,40.341
32.458,37.709
32.488,33.407
32.518,37.272
32.372,55.061
32.343,30.35
32.489,21.233
32.573,41.496
32.587,53.347
32.363,20.418
32.391,40.389
32.271,31.004
32.475,70.491
32.514,28.132
32.247,28.83
32.308,27.678
32.478,49.583
32.299,44.212
32.512,46.07
32.483,13.002
32.489,43.534
32.536,28.862
32.476,19.839
32.583,44.344
32.314,27.762
32.206,50.364
32.301,49.072
32.33,27.893
33.407,58.598
33.509,34.056
33.312,27.334
33.415,11.481
33.242,45.587
33.487,22.967
33.456,50.39
33.447,80.251
33.422,14.479
33.494,7.9048
33.438,25.223
33.201,27.685
33.448,25.893
33.594,2.1536
33.261,53.568
33.36,25.396
33.551,49.826
33.226,50.673
33.531,49.139
33.208,59.063
33.541,42.178
33.237,22.055
33.271,48.51
33.203,13.33
33.25,43.206
33.378,31.742
33.453,19.158
33.497,18.522
33.468,5.3664
33.594,13.132
33.473,37.645
33.394,23.852
33.242,36.329
33.346,44.117
33.53,3.3659
33.478,28.442
33.438,55.482
33.5,41.442
33.234,10.619
33.519,17.812
33.483,54.01
33.538,19.669
33.361,72.476
33.558,-8.5624
33.208,60.059
33.596,40.123
33.295,77.126
33.247,39.25
33.315,39.208
33.562,25.463
33.562,52.768
33.552,61.566
33.372,40.85
33.425,-8.5013
33.567,16.987
33.445,31.701
33.204,55.765
33.533,24.64
33.311,20.447
33.476,25.992
33.399,45.763
33.551,21.495
33.281,20.087
33.236,21.276
33.426,77.925
33.487,50.18
33.324,34.144
33.575,70.276
33.36,35.732
33.261,32.331
33.308,35.606
33.358,23.998
33.229,22.472
33.213,39.465
33.258,35.694
33.361,35.825
33.356,32.732
33.448,15.172
33.558,58.384
33.6,2.5669
33.298,43.369
33.477,42.305
33.525,25.268
33.468,47.238
33.258,22.496
33.252,11.768
33.297,60.567
33.277,42.827
33.388,36.118
33.447,35.025
33.517,47.48
33.552,46.05
33.551,63.767
33.499,9.5587
33.498,30.371
33.268,40.895
33.428,36.11
33.305,10.335
33.375,58.938
33.549,25.824
34.521,46.927
34.25,2.3922
34.544,3.6144
34.505,-3.7729
34.467,42.557
34.323,57.976
34.396,2.2089
34.592,49.597
34.259,27.09
34.233,39.824
34.405,20.035
34.243,14.174
34.456,20.592
34.495,6.6619
34.413,34.888
34.298,57.036
34.373,27.588
34.463,17.341
34.414,60.81
34.551,50.79
34.203,26.31
34.227,59.156
34.415,61.594
34.261,4.478
34.276,23.592
34.484,46.097
34.463,9.9297
34.597,68.446
34.475,5.4541
34.375,12.214
34.438,4.2903
34.59,75.933
34.305,36.921
34.407,58.874
34.537,19.838
34.348,47.425
34.215,18.122
34.273,40.787
34.592,26.938
34.492,17.365
34.487,20.279
34.437,-14.108
34.446,65.224
34.281,22.374
34.576,19.104
34.481,-10.369
34.465,38.272
34.226,30.829
34.418,71.222
34.572,41.589
34.582,6.2806
34.461,66.974
34.296,-15.563
34.598,30.789
34.482,37.673
34.332,52.802
34.209,24.743
34.295,29.952
34.452,12.131
34.422,36.147
34.532,42.176
34.537,10.777
34.568,20.441
34.314,23.851
34.593,19.248
34.573,30.697
34.474,35.868
34.218,58.565
34.334,8.4468
34.545,39.307
34.265,17.47
34.366,60.435
34.352,24.683
34.327,0.39473
34.372,-3.1305
34.234,0.2772
34.251,9.8641
34.478,-26.212
34.373,33.745
34.353,46.447
34.323,74.979
34.204,33.532
34.429,11.986
34.389,59.643
34.346,60.708
34.217,-17.222
34.565,70.081
34.447,-1.6701
34.273,8.7587
34.437,50.472
34.319,44.411
34.58,-3.2684
34.306,64.602
34.233,32.083
34.596,19.318
34.492,17.404
34.229,8.876
34.248,31.914
34.439,41.066
34.31,47.242
35.562,20.429
35.244,13.956
35.374,57.88
35.362,25.315
35.495,26.825
35.346,69.045
35.489,27.777
35.27,62.595
35.514,46.632
35.423,22.003
35.316,20.82
35.302,-32.275
35.252,54.834
35.427,21.824
35.31,-13.08
35.39,56.713
35.388,40.209
35.322,70.566
35.399,14.486
35.586,47.516
35.316,18.588
35.433,49.899
35.263,6.2252
35.501,29.474
35.253,38.781
35.496,-20.99
35.458,24.573
35.529,17.625
35.252,28.496
35.207,-6.2134
35.31,32.659
35.442,36.489
35.229,36.271
35.229,21.726
35.461,1.4286
35.242,73.35
35.49,36.48
35.349,4.5552
35.485,4.8904
35.449,-14.219
35.498,38.877
35.595,64.209
35.6,49.533
35.377,60.935
35.441,20.589
35.451,-39.051
35.326,18.055
35.532,2.5128
35.214,48.063
35.515,16.807
35.228,54.773
35.396,43.682
35.568,62.273
35.327,34.246
35.524,-8.6186
35.588,55.83
35.567,-51.433
35.459,59.658
35.335,20.574
35.379,37.598
35.396,17.46
35.523,6.8751
35.369,56.436
35.577,34.595
35.483,44.8
35.384,5.6599
35.357,1.3192
35.559,-1.3431
35.394,50.345
35.376,29.226
35.413,1.555
35.214,28.651
35.251,1.3048
35.507,30.714
35.271,42.803
35.345,-10.392
35.226,36.944
35.224,32.195
35.5,36.376
35.556,16.208
35.224,27.246
35.311,20.574
35.549,24.164
35.593,15.037
35.312,-4.611
35.238,50.765
35.499,45.075
35.576,49.98
35.315,-37.318
35.518,50.753
35.477,52.706
35.283,40.326
35.563,27.625
35.403,27.789
35.213,21.909
35.533,28.499
35.307,51.439
35.318,79.161
35.506,32.342
35.452,25.387
36.465,1.2534
36.395,24.651
36.401,-5.5803
36.288,12.332
36.46,-33.34
36.397,-46.104
36.522,14.524
36.49,15.636
36.338,40.476
36.457,60.426
36.289,-7.5515
36.541,60.034
36.305,53.221
36.206,94.203
36.575,10.556
36.489,18.426
36.508,-27.87
36.321,-15.133
36.319,32.053
36.478,28.213
36.319,23.56
36.25,29.597
36.317,21.008
36.564,-18.258
36.488,8.3348
36.588,-6.3312
36.339,-8.0311
36.343,34.383
36.306,-11.94
36.45,-11.482
36.247,-22.185
36.528,13.865
36.484,18.02
36.227,-14.013
36.398,7.0295
36.523,17.631
36.385,43.072
36.559,-45.873
36.427,23.892
36.483,9.8178
36.575,18.844
36.282,41.023
36.395,15.837
36.439,-0.56816
36.422,8.2569
36.592,14.976
36.384,-3.032
36.558,-7.9334
36.435,30.718
36.207,45.519
36.597,34.615
36.439,59.304
36.365,-5.272
36.236,26.136
36.425,-42.696
36.523,18.968
36.307,71.282
36.465,-48.975
36.248,-0.41311
36.254,35.95
36.472,-4.9626
36.436,52.033
36.431,-37.071
36.36,11.744
36.367,12.711
36.43,45.635
36.335,57.736
36.557,15.202
36.205,32.185
36.341,2.4709
36.336,11.059
36.572,7.4152
36.341,12.482
36.264,-12.746
36.337,46.389
36.414,31.767
36.379,12.394
36.371,0.82133
36.227,12.826
36.238,17.942
36.308,65.086
36.34,-41.465
36.433,4.7358
36.419,28.088
36.578,50.434
36.325,44.652
36.466,22.785
36.522,77.464
36.324,-14.326
36.43,27.469
36.564,15.451
36.392,-4.2244
36.434,3.0531
36.458,18.341
36.402,-24.882
36.428,47.317
36.343,32.157
36.316,-10.5
36.305,50.625
36.423,56.662
37.572,-2.0151
37.213,33.672
37.4,-57.198
37.359,20.15
37.361,-15.722
37.408,-6.4121
37.452,-7.2458
37.268,-19.386
37.252,39.057
37.254,-14.56
37.309,-1.0486
37.301,7.0383
37.354,3.326
37.439,0.69199
37.501,-28.859
37.362,-32.717
37.465,-39.197
37.518,2.5528
37.523,31.922
37.305,-13.829
37.546,-31.499
37.485,-24.112
37.227,-31.784
37.436,9.6737
37.51,22.544
37.485,27.277
37.202,33.091
37.24,42.834
37.36,4.7148
37.3,24.822
37.415,-26.72
37.516,-2.9681
37.338,27.19
37.253,1.3637
37.366,12.888
37.364,-8.7615
37.393,8.9939
37.21,-11.513
37.233,-1.9966
37.563,-29.345
37.315,-18.212
37.524,31.972
37.3,-18.152
37.548,-7.8074
37.231,-0.37914
37.371,25.687
37.551,9.9093
37.599,61.122
37.519,31.45
37.586,-24.983
37.547,6.163
37.266,7.7589
37.446,6.7125
37.462,25.518
37.553,2.7891
37.507,-0.29378
37.525,10.191
37.398,1.6018
37.469,6.9636
37.229,25.375
37.296,5.1602
37.545,-4.4166
37.581,33.641
37.55,-71.277
37.233,-20.704
37.427,19.064
37.423,37.471
37.471,74.573
37.512,24.964
37.408,-9.7531
37.393,18.627
37.296,7.3324
37.543,-9.4101
37.502,-11.562
37.567,-29.179
37.575,56.496
37.378,70.875
37.291,73.676
37.249,53.882
37.302,-11.584
37.306,-29.845
37.434,-19.582
37.442,29.82
37.517,34.497
37.53,50.151
37.424,-38.376
37.567,-31.196
37.389,31.232
37.337,20.56
37.353,-47.814
37.209,50.274
37.249,49.24
37.512,18.614
37.539,21.609
37.289,3.2008
37.363,44.119
37.389,-53.842
37.45,-9.3523
37.468,18.246
37.471,58.87
38.36,-3.2784
38.406,-3.8193
38.308,15.089
38.39,-10.971
38.409,10.818
38.406,50.006
38.298,33.924
38.555,8.7266
38.272,-10.005
38.6,16.732
38.334,-68.933
38.382,14.096
38.225,34.496
38.294,-45.058
38.571,47.015
38.575,-36.733
38.375,15.795
38.261,62.165
38.476,-4.6754
38.568,-20.361
38.393,-27.826
38.342,-27.279
38.496,-21.212
38.545,-8.1587
38.226,-8.0686
38.583,-14.759
38.224,-5.4091
38.368,21.833
38.247,-28.578
38.536,56.881
38.351,-4.1454
38.45,6.2127
38.439,40.603
38.415,36.392
38.41,11.257
38.368,-23.228
38.43,42.563
38.368,-10.252
38.517,-12.679
38.33,-40.654
38.213,7.9848
38.438,24.401
38.562,-42.035
38.337,16.976
38.272,-17.676
38.255,-18.369
38.517,-18.903
38.599,15.578
38.443,4.3765
38.592,-22.674
38.233,-5.1731
38.347,-7.0711
38.322,-17.998
38.382,-32.632
38.363,-1.2589
38.307,-5.07
38.511,25.488
38.538,6.5784
38.532,-4.7796
38.402,-8.1608
38.433,22.722
38.32,-10.788
38.498,51.436
38.453,-22.637
38.314,-19.519
38.414,-62.298
38.372,40.661
38.211,14.333
38.262,-63.769
38.328,-53.889
38.299,74.643
38.549,50.836
38.289,-18.984
38.451,-12.156
38.597,43.159
38.518,9.8802
38.227,17.04
38.414,-4.3152
38.549,-56.676
38.237,9.5605
38.242,-9.8775
38.224,-29.824
38.394,14.615
38.426,24.406
38.31,-15.442
38.237,-5.5199
38.531,-16.901
38.447,5.651
38.507,33.561
38.41,2.7733
38.303,-25.345
38.312,-16.037
38.567,-57.617
38.469,-36.464
38.362,3.6176
38.468,-26.176
38.364,54.489
38.281,5.5712
38.39,28.19
38.317,16.934
39.567,-12.939
39.253,54.024
39.546,38.055
39.289,-21.701
39.593,16.405
39.407,-35.57
39.346,29.131
39.23,13.803
39.538,81.681
39.553,31.741
39.305,30.45
39.4,9.4705
39.231,6.973
39.297,-20.042
39.598,64.355
39.492,-26.983
39.377,-42.103
39.545,-40.581
39.538,20.127
39.491,39.239
39.557,8.8031
39.427,-4.9866
39.449,9.3508
39.244,26.25
39.405,-0.55695
39.315,-18.042
39.225,-18.652
39.286,3.4911
39.514,44.919
39.335,-36.983
39.312,-15.781
39.544,18.643
39.415,41.4
39.253,-31.158
39.3,44.654
39.257,39.85
39.527,-47.509
39.497,26.005
39.376,-51.573
39.214,14.682
39.254,-4.0915
39.374,-10.306
39.357,59.61
39.401,15.059
39.471,-1.5599
39.49,18.832
39.361,41.4
39.332,11.998
39.498,-5.5295
39.485,-39.419
39.525,-16.093
39.44,0.47449
39.343,56.311
39.449,68.102
39.545,-16.434
39.276,8.0071
39.384,-15.755
39.284,2.1972
39.34,52.563
39.554,30.435
39.56,44.803
39.564,-67.28
39.515,87.111
39.229,26.67
39.36,7.2824
39.338,24.636
39.254,22.099
39.382,46.631
39.467,-33.688
39.218,46.334
39.336,4.5261
39.592,-20.666
39.219,-53.753
39.548,20.267
39.554,78.728
39.352,13.166
39.506,-3.7674
39.592,-14.819
39.419,2.8458
39.236,-30.01
39.452,4.8642
39.403,15.553
39.599,-14.177
39.291,-2.8735
39.25,33.883
39.224,-6.3033
39.5,16.383
39.477,-25.359
39.317,18.972
39.524,36.043
39.51,31.781
39.265,9.6284
39.419,98.518
39.496,30.758
39.518,24.541
39.572,-23.039
39.51,22.456
39.237,-43.101
39.409,-22.052
39.264,101.44
40.436,43.126
40.467,84.925
40.239,-30.413
40.37,-3.1723
40.485,0.60397
40.399,-51.832
40.348,-11.104
40.448,20.303
40.397,-8.14
40.591,-18.189
40.335,-10.397
40.305,-43.777
40.316,-8.7263
40.573,-38
40.497,9.7702
40.501,-30.606
40.471,19.555
40.449,18.827
40.439,30.62
40.254,27.194
40.491,37.965
40.34,6.6437
40.273,35.185
40.204,60.379
40.431,-58.577
40.415,43.806
40.488,14.891
40.575,31.063
40.505,-34.934
40.266,13.569
40.286,5.6103
40.373,35.687
40.366,37.648
40.57,9.0972
40.596,22.148
40.573,11.57
40.27,29.21
40.397,-42.599
40.537,25.191
40.233,14.441
40.335,6.2782
40.29,-9.0228
40.442,-14.968
40.505,42.221
40.484,16.707
40.211,39.774
40.554,49.63
40.502,-54.191
40.208,-5.3905
40.416,12.827
40.324,8.0829
40.385,18.34
40.389,8.1371
40.544,22.284
40.578,29.384
40.403,-34.287
40.513,-46.229
40.22,12.559
40.266,-15.884
40.38,-17.34
40.49,1.5542
40.523,-57.736
40.406,-9.8545
40.362,-19.004
40.341,-7.8027
40.591,50.943
40.569,22.462
40.216,57.756
40.431,-7.5318
40.262,-16.608
40.378,16.757
40.423,28.785
40.578,12.34
40.377,2.0328
40.235,9.3916
40.572,-21.492
40.43,-15.274
40.216,34.408
40.59,1.0457
40.592,65.973
40.513,20.505
40.588,7.9595
40.499,-19.343
40.398,-39.793
40.578,-45.637
40.553,-15.02
40.426,-26.547
40.224,-20.735
40.281,26.596
40.398,-15.978
40.481,46.948
40.259,11.169
40.277,-37.314
40.348,-14.98
40.362,28.457
40.262,17.06
40.484,27.037
40.577,9.1956
40.273,38.058
40.518,-16.52
41.257,21.146
41.432,-21.717
41.549,27.513
41.578,30.913
41.547,7.5522
41.329,59.21
41.417,-21.96
41.579,-22.488
41.334,13.615
41.56,40.481
41.27,2.6554
41.364,-2.5055
41.322,-13.535
41.455,-35.389
41.259,33.43
41.521,22.943
41.321,63.281
41.267,24.74
41.427,-49.892
41.564,-46.192
41.311,62.992
41.573,8.7546
41.262,51.624
41.482,-63.156
41.417,-25.655
41.311,19.633
41.399,-18.691
41.493,-4.8746
41.485,-19.731
41.379,0.44758
41.511,21.382
41.229,44.587
41.348,-24.917
41.221,5.8556
41.52,-6.9388
41.464,-14.742
41.442,5.5463
41.454,31.689
41.259,7.9799
41.367,-19.583
41.238,15.076
41.571,-32.9
41.446,-14.081
41.31,-20.096
41.541,-38.26
41.409,-0.99622
41.527,10.607
41.306,-16.348
41.347,-36.167
41.246,35.473
41.442,-60.876
41.555,-14.917
41.491,-16.567
41.479,63.875
41.308,-23.539
41.29,-6.6771
41.358,-8.3854
41.481,-4.3879
41.37,-18.641
41.463,-19.778
41.307,-61.69
41.254,-22.535
41.414,-50.443
41.243,-14.89
41.253,26.598
41.436,-8.3898
41.466,-8.161
41.305,4.0491
41.481,-34.898
41.481,38.248
41.227,-37.126
41.271,-40.425
41.256,-23.957
41.498,-46.946
41.205,-1.5633
41.222,-26.138
41.495,12.949
41.287,32.175
41.568,-31.013
41.565,-2.1741
41.541,-22.796
41.555,-15.077
41.265,48.132
41.269,29.508
41.514,37.335
41.243,21.657
41.221,35.778
41.429,11.115
41.32,-45.748
41.575,51.202
41.288,17.634
41.586,29.195
41.512,-50.865
41.235,-32.571
41.433,21.413
41.228,32.974
41.517,-16.079
41.556,11.459
41.324,21.22
41.226,-13.194
42.315,-57.075
42.384,16.262
42.289,26.013
42.261,7.3093
42.385,-54.134
42.546,-35.796
42.324,-55.494
42.291,-35.949
42.503,-36.735
42.254,-22.403
42.426,25.638
42.501,1.5972
42.526,8.2109
42.503,19.377
42.332,0.88068
42.466,-6.5096
42.526,37.006
42.273,-10.151
42.29,0.35278
42.219,-57.136
42.311,39.617
42.269,-4.7601
42.559,12.668
42.468,59.185
42.202,15.381
42.298,-52.749
42.357,36.627
42.279,-6.6147
42.271,-79.34
42.556,-14.757
42.584,40.197
42.395,9.5884
42.529,25.469
42.53,-12.968
42.597,-14.963
42.514,-21.903
42.26,-12.263
42.353,21.216
42.293,30.446
42.299,17.033
42.37,-24.011
42.468,9.5516
42.378,16.481
42.538,-5.8378
42.568,36.6
42.515,30.97
42.434,-41.254
42.528,-12.431
42.389,-32.535
42.554,-30.104
42.405,-47.08
42.474,-14.134
42.453,7.443
42.348,-52.078
42.4,-33.692
42.381,-111.64
42.411,-13.366
42.207,-57.48
42.231,17.151
42.317,-16.176
42.593,8.5029
42.453,-16.862
42.493,-13.442
42.334,-15.189
42.371,-6.1816
42.381,3.7011
42.227,24.818
42.284,-39.089
42.57,21.622
42.459,-7.5956
42.582,49.282
42.278,19.298
42.487,18.947
42.328,1.7767
42.411,8.5621
42.47,-21.822
42.385,-39.434
42.313,-47.224
42.486,46.738
42.438,-10.987
42.287,6.1462
42.361,23.331
42.546,3.5792
42.373,0.9538
42.294,11.742
42.54,-7.7032
42.581,-30.26
42.391,-0.030855
42.321,-3.4868
42.341,-1.2339
42.442,-7.3354
42.401,29.818
42.408,-16.721
42.22,13.243
42.276,64.782
42.446,-61.496
42.276,19.367
42.438,19.027
42.566,-15.506
42.241,11.618
43.41,14.907
43.384,-13.46
43.327,21.61
43.498,2.6363
43.452,-33.205
43.418,5.4916
43.454,0.38855
43.479,-64.224
43.251,-71.187
43.578,89.623
43.554,-6.6321
43.374,4.6619
43.415,-6.118
43.587,0.17677
43.547,23.575
43.554,27.046
43.408,-26.118
43.499,-15.978
43.585,-23.97
43.348,-25.311
43.404,35.424
43.327,24.299
43.496,-3.8259
43.424,14.284
43.438,-27.062
43.411,28.885
43.277,-25.819
43.298,16.96
43.532,-34.12
43.565,4.4931
43.319,30.249
43.548,-28.388
43.454,-44.698
43.447,-6.733
43.271,9.8477
43.432,-17.901
43.389,-8.546
43.588,16.851
43.581,29.586
43.281,-4.9265
43.233,-9.0138
43.55,-31.68
43.258,0.27769
43.219,-7.4975
43.277,-31.604
43.522,9.4699
43.209,51.344
43.201,18.224
43.229,20.693
43.263,6.6362
43.541,-3.8038
43.329,-41.663
43.418,10.382
43.411,-50.505
43.337,-9.8873
43.463,-17.668
43.275,-11.895
43.471,51.229
43.551,-17.354
43.29,-48.278
43.469,16.635
43.533,17.316
43.28,-36.479
43.296,-41.201
43.348,-3.3713
43.486,40.586
43.212,-44.994
43.476,26.745
43.243,-27.43
43.213,8.9618
43.526,44.711
43.237,-16.87
43.436,-41.306
43.445,-3.6929
43.4,-63.212
43.239,-0.63108
43.38,0.87066
43.377,63.666
43.423,-45.009
43.441,26.616
43.421,-4.6651
43.532,14.767
43.407,5.1615
43.354,-4.6098
43.531,-19.689
43.301,33.541
43.224,-11.992
43.372,4.1775
43.526,1.3829
43.571,12.533
43.312,-22.571
43.54,20.819
43.536,0.31999
43.386,-12.29
43.218,-19.501
43.546,-39.051
43.516,45.365
43.351,4.9078
43.438,2.9444
43.554,36.879
44.535,-64.798
44.562,-9.4841
44.579,2.1139
44.373,-8.867
44.526,35.178
44.37,60.559
44.366,34.814
44.37,15.184
44.446,-39.585
44.494,5.6718
44.58,-14.001
44.248,5.0398
44.53,-40.836
44.238,-30.29
44.244,25.792
44.264,-34.541
44.316,-0.016814
44.526,31.765
44.447,4.1574
44.532,13.773
44.407,29.775
44.535,-8.9222
44.518,-29.868
44.505,4.8942
44.333,-9.9696
44.21,-12.447
44.555,-19.633
44.482,-17.403
44.321,-35.375
44.459,-45.358
44.567,-27.384
44.349,-36.306
44.457,-1.4001
44.28,88.52
44.416,11.012
44.262,-62.794
44.317,-65.249
44.286,48.062
44.212,20.551
44.462,-15.918
44.244,11.08
44.36,-48.73
44.213,-13.21
44.343,-24.218
44.406,-38.671
44.246,-17.704
44.517,15.743
44.346,-25.701
44.236,8.6135
44.461,-51.527
44.244,-0.39688
44.481,0.94263
44.338,17.84
44.579,3.5961
44.437,46.779
44.524,-5.1997
44.506,52.117
44.213,53.861
44.223,-14.857
44.533,-28.149
44.357,27.696
44.393,29.153
44.585,18.734
44.299,64.641
44.53,-3.1982
44.213,83.968
44.282,-2.8876
44.238,-2.5687
44.53,-4.1509
44.587,-27.164
44.583,-14.964
44.523,-2.5708
44.408,-15.59
44.379,-15.112
44.509,-77.061
44.42,-21.375
44.269,-31.554
44.332,19.286
44.359,12.996
44.205,32.32
44.555,11.413
44.446,72.702
44.422,-35.239
44.476,30.488
44.458,-33.193
44.232,-37.49
44.445,-25.431
44.337,47.888
44.35,26.475
44.442,50.65
44.242,-67.393
44.4,-37.134
44.532,-42.197
44.317,-10.173
44.246,-6.3095
44.587,23.598
44.43,7.6386
44.338,-64.218
44.347,18.041
44.518,-16.688
45.545,-28.533
45.417,-12.922
45.247,-12.034
45.493,27.714
45.385,-0.5642
45.519,-8.9253
45.485,12.711
45.479,28.842
45.436,-2.5666
45.435,68.191
45.23,2.4437
45.276,-28.713
45.3,35.98
45.5,-12.654
45.567,-3.3469
45.563,-21.693
45.215,26.859
45.209,13.832
45.38,8.1578
45.423,14.022
45.234,-18.254
45.592,-12.924
45.299,26.504
45.338,-26.803
45.376,-22.716
45.43,68.705
45.214,5.0744
45.231,11.779
45.509,-28.429
45.23,-52.53
45.458,37.011
45.429,16.862
45.214,44.039
45.369,31.584
45.543,-5.3388
45.445,67.641
45.48,37.692
45.446,-48.437
45.441,30.572
45.276,23.593
45.565,6.5003
45.379,14.501
45.501,-36.625
45.449,17.063
45.282,-0.48558
45.408,14.988
45.549,-40.053
45.426,-5.4756
45.546,38.489
45.403,-5.4714
45.371,5.4283
45.328,-15.472
45.392,1.0536
45.595,53.927
45.538,-20.471
45.552,14.655
45.374,5.7568
45.227,-33.053
45.229,-35.707
45.221,-33.817
45.587,-22.762
45.332,-42.189
45.409,-33.81
45.519,-7.0483
45.481,32.684
45.531,25.44
45.349,-62.53
45.261,-3.4781
45.415,12.514
45.372,27.728
45.563,-27.909
45.247,-0.68278
45.545,-4.6435
45.428,-24.594
45.328,17.828
45.399,38.434
45.231,-23.95
45.555,16.676
45.338,36.859
45.416,37.64
45.231,-39.215
45.529,-6.5774
45.529,8.841
45.322,-3.9927
45.58,-49.932
45.374,16.503
45.448,7.9296
45.44,-63.903
45.216,-9.0672
45.322,16.865
45.345,13.441
45.407,-55.663
45.32,-32.776
45.54,-17.869
45.283,7.4427
45.316,-56.62
45.287,6.9405
45.533,-24.748
45.524,11.519
45.318,2.0401
46.389,32.383
46.229,25.424
46.596,28.573
46.235,-3.1382
46.52,-29.05
46.473,39.211
46.482,33.968
46.517,-27.952
46.512,-2.6984
46.391,2.0916
46.51,-0.81854
46.218,24.316
46.203,-44.362
46.563,-1.1509
46.523,11.197
46.204,23.639
46.544,25.765
46.451,62.224
46.277,-10.451
46.556,-20.763
46.428,18.165
46.394,-8.633
46.521,17.459
46.347,37.086
46.575,17.339
46.338,-73.289
46.431,5.9648
46.416,15.809
46.287,-36.831
46.538,12.774
46.337,83.226
46.214,39.706
46.488,-13.016
46.325,-20.677
46.373,-6.2513
46.482,12.029
46.214,20.459
46.532,-53.679
46.285,10.945
46.405,18.166
46.297,-19.205
46.486,-39.409
46.539,-17.857
46.552,-31.231
46.241,-13.866
46.413,-23.545
46.522,-1.0448
46.258,-6.9119
46.496,-26.716
46.4,10.138
46.327,53.197
46.442,-8.2026
46.576,-8.5278
46.246,-12.512
46.378,22.935
46.386,24.775
46.326,12.543
46.437,-51.203
46.447,-6.3328
46.212,8.695
46.425,-20.022
46.466,9.788
46.358,-15.958
46.448,21.902
46.593,59.755
46.491,-23.895
46.536,1.9209
46.58,-27.323
46.201,7.6642
46.22,-5.0853
46.413,-35.256
46.327,24.007
46.387,28.925
46.403,-21.411
46.27,-55.953
46.568,52.955
46.256,-25.147
46.296,-4.8556
46.21,-25.451
46.538,3.348
46.543,1.2279
46.256,-2.223
46.357,98.41
46.477,-8.0193
46.234,3.4671
46.391,-11.028
46.514,-55.439
46.282,9.1531
46.487,-3.8916
46.276,-4.7421
46.389,9.0098
46.526,-31.237
46.369,-42.567
46.371,36.864
46.399,-15.624
46.319,9.8449
46.551,23.321
46.543,31.952
46.557,-24.37
46.245,21.978
47.379,1.1025
47.346,-22.946
47.461,18.839
47.309,-16.448
47.445,16.899
47.536,23.253
47.258,32.823
47.322,-22.943
47.411,57.347
47.412,-1.2698
47.465,43.321
47.247,-6.048
47.556,-14.984
47.445,-4.7057
47.239,14.879
47.316,-22.045
47.587,-37.737
47.248,3.9794
47.298,12.788
47.333,16.565
47.412,-21.912
47.58,-7.2121
47.399,-49.132
47.488,-1.4246
47.543,27.648
47.526,25.346
47.513,4.3012
47.235,25.823
47.576,5.5428
47.427,-51.527
47.332,4.5034
47.353,41.267
47.258,51.76
47.404,47.011
47.516,29.178
47.289,-7.565
47.423,-56.612
47.269,19.17
47.46,36.61
47.302,17.678
47.448,-39.612
47.274,27.364
47.224,-38.878
47.506,6.819
47.481,29.269
47.424,36.798
47.277,-1.9184
47.548,77.234
47.556,12.425
47.585,23.028
47.246,15.772
47.353,12.031
47.434,11.689
47.543,4.2417
47.298,42.006
47.344,21.984
47.523,18.521
47.327,0.43886
47.41,5.9399
47.573,-61.163
47.464,-31.34
47.38,6.9089
47.297,6.1558
47.501,19.666
47.324,-2.7706
47.427,40.117
47.444,54.353
47.491,-38.139
47.545,-41.216
47.553,-18.756
47.359,-28.013
47.558,7.8225
47.421,15.456
47.246,29.482
47.536,7.8091
47.359,-21.787
47.455,50.907
47.578,-29.725
47.444,18.964
47.293,9.0054
47.415,9.5772
47.354,2.2269
47.505,-47.935
47.439,-13.062
47.422,21.721
47.201,3.0453
47.451,-15.474
47.527,26.001
47.576,54.493
47.396,5.912
47.397,-42.466
47.492,17.963
47.471,28.651
47.429,-36.713
47.488,35.537
47.534,-58.515
47.376,-67.889
47.353,-2.8717
47.502,-12.859
47.522,-17.395
48.422,0.23193
48.204,3.3122
48.212,-11.264
48.205,25.534
48.447,25.263
48.478,-2.8934
48.245,21.154
48.353,-68.498
48.305,-10.799
48.202,37.163
48.468,29.36
48.397,16.766
48.336,32.489
48.474,17.662
48.27,48.931
48.417,-67.483
48.598,-6.4666
48.422,-36.43
48.557,-15.483
48.351,-10.563
48.373,47.688
48.432,18.973
48.351,-47.379
48.556,-4.829
48.565,35.947
48.439,-37.551
48.464,-125.71
48.268,-49.061
48.566,41.786
48.282,-72.993
48.31,69.51
48.213,-49.149
48.232,21.013
48.425,27.475
48.536,42.302
48.372,11.711
48.343,22.681
48.416,58.274
48.456,-25.341
48.57,31.558
48.414,-43.117
48.541,-21.382
48.208,-6.2176
48.233,-13.2
48.383,-12.923
48.433,13.498
48.357,29.569
48.265,1.8057
48.266,3.5372
48.586,-42.871
48.534,-11.715
48.432,-22.763
48.234,23.656
48.467,-18.793
48.455,7.8273
48.203,-41.127
48.375,20.227
48.349,67.84
48.263,-21.571
48.409,16.676
48.4,-23.35
48.373,-17.275
48.266,21.908
48.219,46.407
48.393,-2.3257
48.439,13.022
48.248,-33.074
48.41,-15.128
48.494,9.1975
48.587,-58.632
48.396,30.697
48.344,5.1264
48.41,-62.609
48.466,7.6667
48.296,37.221
48.574,3.3322
48.316,48.562
48.274,2.7341
48.335,-37.515
48.271,83.231
48.41,-3.4223
48.444,15.396
48.46,-46.453
48.432,-35.913
48.418,42.489
48.281,7.6654
48.433,19.19
48.399,16.73
48.54,0.96256
48.369,-3.4578
48.42,-5.0661
48.495,-46.595
48.478,-34.092
48.504,1.261
48.203,2.9847
48.408,-31.241
48.258,-47.029
48.31,-18.7
48.457,33.726
48.22,-13.519
49.279,-6.0539
49.348,64.964
49.597,-27.015
49.339,-60.536
49.294,6.2471
49.53,-45.183
49.301,20.97
49.299,-19.465
49.504,21.717
49.298,-32.293
49.397,2.7994
49.598,-20.692
49.295,0.7283
49.34,13.02
49.291,45.364
49.35,-31.27
49.357,-38.84
49.271,6.7084
49.387,32.24
49.228,13.809
49.462,0.23145
49.531,23.247
49.457,26.355
49.535,-44.248
49.255,4.5096
49.431,24.979
49.292,-14.168
49.527,-1.1491
49.302,7.1293
49.52,18.742
49.233,-19.821
49.38,-19.958
49.401,-43.486
49.54,10.47
49.57,-7.6712
49.487,-68.316
49.287,-40.153
49.529,13.056
49.318,41.979
49.435,32.014
49.361,-32.449
49.551,42.042
49.296,95.068
49.445,-45.605
49.526,23.646
49.421,-65.177
49.435,-4.2462
49.325,-64.535
49.486,-1.2195
49.252,-4.038
49.2,58.527
49.462,-22.453
49.236,26.904
49.405,53.965
49.558,5.341
49.475,-29.47
49.548,20.328
49.228,28.605
49.321,15.354
49.426,-42.872
49.387,2.0805
49.278,11.38
49.33,-29.263
49.262,58.915
49.367,-53.964
49.536,-25.235
49.433,35.304
49.2,35.162
49.497,4.3539
49.585,51.378
49.436,-16.581
49.218,0.48775
49.213,25.464
49.324,55.383
49.25,-5.8438
49.297,4.8164
49.292,-0.82825
49.273,-19.987
49.437,-30.968
49.245,-19.018
49.49,45.145
49.56,-9.0117
49.359,15.777
49.276,68.478
49.275,8.6211
49.332,-9.2008
49.598,-10.235
49.498,19.646
49.538,27.329
49.434,-3.8542
49.45,0.14625
49.256,52.356
49.334,-8.1132
49.43,27.169
49.334,16.811
49.216,-52.458
49.345,-35.134
49.27,-35.234
49.289,18.661
49.41,-40.375
50.507,-9.1174
50.507,-42.229
50.283,19.624
50.273,-10.688
50.358,50.836
50.338,18.111
50.361,-16.71
50.477,-31.703
50.487,-27.828
50.591,-28.234
50.201,18.002
50.514,31.594
50.211,-27.068
50.536,-5.764
50.44,-46.507
50.544,18.596
50.356,46.106
50.264,21.685
50.381,3.2195
50.559,-25.384
50.425,-14.799
50.304,-9.7927
50.522,-36.497
50.593,3.596
50.537,-4.347
50.316,12.204
50.341,55.901
50.263,-38.919
50.389,-13.564
50.385,15.755
50.578,12.452
50.393,-7.0175
50.468,-43.559
50.551,-29.438
50.5,-33.776
50.392,-6.0041
50.397,-37.608
50.348,29.58
50.562,19.857
50.48,-53.512
50.449,5.2681
50.391,29.014
50.52,-23.561
50.593,-18.112
50.338,35.394
50.436,-15.267
50.353,-40.559
50.319,30.872
50.279,8.7617
50.444,4.0745
50.214,76.669
50.589,1.6119
50.201,-2.6252
50.564,43.597
50.416,37.298
50.474,31.832
50.551,-42.248
50.25,-43.077
50.402,3.5334
50.587,-3.4417
50.548,-14.578
50.556,-20.295
50.439,66.003
50.277,-12.605
50.361,-28.951
50.479,17.542
50.243,-3.1779
50.469,12.639
50.518,22.755
50.358,4.2101
50.6,-28.092
50.474,24.38
50.487,6.7411
50.58,-25.756
50.505,16.032
50.232,34.025
50.498,0.79129
50.418,-10.926
50.438,23.121
50.495,-44.068
50.216,5.8938
50.358,-9.2574
50.563,11.412
50.366,37.365
50.301,-67.417
50.204,-22.927
50.568,-37.125
50.573,-0.40875
50.45,-40.027
50.387,37.972
50.422,36.268
50.556,24.571
50.211,1.1307
50.317,-30.636
50.288,-37.868
50.202,-53.754
50.218,6.1451
50.23,43.999
50.489,-3.1954
50.403,-48.307
51.516,-4.6797
51.563,-15.411
51.478,54.438
51.205,-2.0501
51.475,-5.6751
51.523,-16.747
51.232,21.248
51.203,37.984
51.455,35.12
51.597,-28.088
51.228,-8.5694
51.565,3.3117
51.566,42.018
51.589,-8.1445
51.382,41.565
51.595,-66.083
51.52,-5.898
51.527,-29.988
51.504,29.514
51.336,-3.7455
51.27,20.42
51.226,48.663
51.409,23.617
51.445,20.564
51.446,-12.919
51.381,50.427
51.578,65.94
51.576,-0.19281
51.329,-15.747
51.341,-17.027
51.347,2.55
51.438,27.712
51.418,8.5455
51.598,-23.637
51.367,-7.9173
51.39,-57.586
51.488,34.85
51.459,43.642
51.559,42.661
51.594,-5.3826
51.536,-5.8035
51.551,25.587
51.309,19.149
51.305,-6.1893
51.326,-18.334
51.2,-2.1774
51.268,17.882
51.51,5.952
51.39,49.446
51.267,-25.974
51.371,27.694
51.406,-60.768
51.332,10.602
51.502,-11.235
51.577,-13.396
51.466,-65.962
51.576,-40.684
51.238,0.77409
51.341,14.413
51.405,-37.227
51.386,-51.192
51.363,43.555
51.425,-0.15788
51.404,0.012904
51.338,-25.339
51.457,2.6966
51.269,4.2016
51.49,-14.532
51.247,-27.289
51.375,-2.8869
51.423,-31.827
51.512,6.2472
51.433,9.4832
51.225,-19.545
51.428,11.194
51.386,-26.988
51.288,-3.7181
51.478,-0.063088
51.259,-44.242
51.454,40.854
51.474,-22.039
51.259,-20.971
51.523,5.254
51.434,42.511
51.57,-57.241
51.209,1.158
51.565,-13.444
51.235,-1.9058
51.322,20.668
51.54,-8.1782
51.361,-7.4415
51.461,-32.009
51.473,-4.4059
51.407,39.807
51.35,44.033
51.356,-32.619
51.399,-6.9691
51.269,-14.572
51.413,-16.203
51.595,22.657
52.315,-48.359
52.555,-25.195
52.403,23.745
52.212,-41.308
52.597,-13.528
52.41,17.407
52.357,-27.632
52.58,37.597
52.385,13.963
52.246,-10.676
52.327,13.949
52.272,-19.641
52.546,-9.3992
52.287,47.027
52.347,-32.445
52.544,11.779
52.376,-53.046
52.29,17.461
52.294,39.342
52.287,-6.5695
52.272,-12.13
52.434,25.935
52.524,6.7197
52.519,31.926
52.239,38.914
52.219,15.218
52.551,-17.406
52.211,46.495
52.458,-72.155
52.258,25.109
52.533,-83.388
52.574,-5.4681
52.315,12.511
52.299,12.651
52.255,-19.238
52.591,-5.3855
52.495,34.994
52.317,-19.608
52.236,4.9942
52.397,33.85
52.571,30.254
52.412,11.721
52.213,29.041
52.586,53.113
52.415,-10.798
52.296,10.234
52.211,29.881
52.228,-16.173
52.386,-43.458
52.226,-28.13
52.321,-60.229
52.331,47.268
52.393,36.34
52.585,-14.415
52.584,10.706
52.206,45.376
52.359,59.402
52.358,1.4435
52.51,-0.39672
52.535,-7.4288
52.523,-6.1743
52.363,-7.6253
52.47,4.936
52.442,-53.912
52.568,14.383
52.314,-32.887
52.264,-17.138
52.559,19.611
52.533,18.054
52.39,3.1869
52.436,51.041
52.524,0.72996
52.502,-26.904
52.21,-3.6641
52.486,-34.476
52.575,-1.8894
52.527,-19.642
52.404,20.475
52.214,28.282
52.288,30.334
52.24,43.269
52.5,-24.016
52.398,1.5223
52.337,42.389
52.392,13.272
52.31,3.0968
52.498,39.476
52.492,-50.998
52.258,-43.385
52.206,41.542
52.405,31.192
52.426,8.75
52.451,24.401
52.236,-20.506
52.54,55.372
52.416,-54.957
52.202,37.074
52.257,13.367
52.594,-11.715
52.261,-7.2687
53.248,6.2584
53.452,-3.3133
53.231,-25.35
53.407,-52.741
53.246,-70.863
53.321,9.315
53.215,-55.933
53.359,-13.498
53.563,6.8836
53.279,21.175
53.514,56.726
53.236,-51.861
53.369,-104.84
53.331,-40.79
53.473,5.4336
53.458,-24.144
53.403,-53.063
53.358,17.383
53.492,-42.766
53.257,-25.21
53.311,-2.5682
53.405,30.54
53.238,36.817
53.467,-16.885
53.517,-14.797
53.286,-28.268
53.358,-18.83
53.338,2.098
53.53,49.612
53.44,21.424
53.339,25.522
53.406,39.461
53.359,-8.8649
53.521,-35.647
53.2,46.03
53.421,33.304
53.36,-15.166
53.495,5.5127
53.325,-25.838
53.495,8.8224
53.299,-27.409
53.386,10.367
53.54,92.699
53.243,32.112
53.381,36.171
53.343,-14.26
53.408,15.704
53.36,-12.13
53.382,16.188
53.398,-25.707
53.529,36.088
53.319,-25.153
53.371,-32.534
53.314,49.691
53.456,62.333
53.3,-26.762
53.582,8.5112
53.578,10.734
53.255,-15.506
53.522,-41.863
53.534,59.374
53.571,-13.2
53.243,14.726
53.55,-23.138
53.261,-13.016
53.396,-13.017
53.279,28.769
53.431,26.912
53.55,-31.616
53.559,46.194
53.509,4.6534
53.465,11.899
53.265,28.366
53.376,20.883
53.262,-32.679
53.458,22.931
53.484,1.6151
53.406,41.938
53.444,16.651
53.256,-32.631
53.382,-22.893
53.452,-10.466
53.589,-16.357
53.342,-50.904
53.287,10.164
53.53,-43.936
53.373,25.459
53.376,-18.213
53.395,40.475
53.325,2.8071
53.303,15.052
53.471,-30.514
53.224,12.702
53.345,-4.1403
53.456,-11.841
53.293,-26.203
53.376,30.464
53.242,-27.709
53.292,-3.5444
53.295,6.0715
54.517,-60.646
54.499,25.184
54.568,67.595
54.205,9.7575
54.519,-2.3497
54.569,-26.108
54.274,-3.3614
54.234,6.6796
54.275,-20.646
54.311,-53.333
54.426,-3.3241
54.326,-67.312
54.425,-1.1076
54.264,25.141
54.293,-39.611
54.377,-36.083
54.426,-29.806
54.586,-0.39295
54.242,-74.825
54.471,-46.055
54.6,42.673
54.502,-0.54771
54.594,53.545
54.285,-12.186
54.49,8.9535
54.249,-23.209
54.477,28.488
54.524,21.853
54.307,9.8787
54.334,9.5097
54.498,-18.899
54.269,-15.077
54.373,28.918
54.389,48.762
54.524,-33.616
54.359,-73.458
54.207,22.901
54.401,28.368
54.481,23.303
54.542,-2.4056
54.582,1.7988
54.223,-14.597
54.421,6.1961
54.495,37.613
54.251,-21.756
54.424,49.965
54.267,-16.445
54.467,-31.747
54.599,33.595
54.535,-49.945
54.306,-18.091
54.415,28.095
54.537,44.641
54.317,-1.0908
54.435,23.853
54.469,-15.987
54.355,-38.343
54.246,-17.454
54.588,22.019
54.322,36.817
54.458,-46.776
54.349,-3.7447
54.429,-32.129
54.283,14.468
54.481,-48.992
54.268,6.052
54.567,53.504
54.528,14.871
54.241,-20.91
54.483,3.0986
54.441,-38.922
54.456,56.153
54.256,23.458
54.217,35.233
54.35,43.841
54.358,49.18
54.259,-12.818
54.351,22.066
54.249,-2.5666
54.571,-16.448
54.398,34.17
54.468,73.748
54.401,-19.557
54.592,5.5468
54.533,-61.278
54.34,-18.442
54.374,29.513
54.315,32.61
54.561,-28.871
54.433,-8.5067
54.44,18.109
54.407,31.792
54.352,72.97
54.34,16.202
54.316,51.997
54.48,35.505
54.46,9.6784
54.416,-3.6675
54.517,51.657
54.259,8.9277
55.547,-25.15
55.54,15.503
55.291,4.204
55.386,-17.275
55.358,-14.525
55.314,-11.308
55.23,-34.487
55.268,-33.629
55.377,-19.34
55.453,11.761
55.322,20.464
55.409,-11.627
55.572,32.028
55.309,-29.261
55.505,24.743
55.533,-5.418
55.542,48.858
55.257,36.746
55.292,-15.698
55.29,-25.974
55.495,-13.508
55.452,-41.737
55.367,-20.664
55.478,-30.742
55.387,-55.934
55.575,1.1756
55.351,30.426
55.446,-0.84568
55.493,-0.96316
55.446,2.6261
55.534,-29.814
55.397,-29.71
55.538,14.006
55.393,-15.75
55.268,-6.2006
55.286,-25.061
55.557,-26.584
55.526,9.2554
55.454,4.3238
55.437,-23.087
55.256,10.729
55.233,31.377
55.255,-19.789
55.514,12.904
55.258,-3.5707
55.449,-43.327
55.477,7.6845
55.531,41.844
55.223,39.576
55.306,2.9767
55.365,-40.728
55.552,21.662
55.311,40.162
55.428,70.501
55.22,3.3907
55.575,-6.7179
55.535,-49.195
55.401,-8.4707
55.469,9.0922
55.509,22.076
55.424,-21.64
55.523,-17.6
55.528,15.187
55.486,-1.8855
55.461,63.936
55.462,0.90687
55.474,22.09
55.476,11.35
55.226,15.344
55.25,10.944
55.208,31.696
55.505,-21.85
55.383,0.63092
55.349,4.9064
55.45,-41.348
55.293,11.473
55.387,16.801
55.387,57.065
55.293,15.423
55.281,19.975
55.48,34.142
55.591,-3.3085
55.326,-8.2187
55.483,28.944
55.552,-3.0451
55.594,6.5676
55.288,16.232
55.408,-35.718
55.272,7.0498
55.547,12.709
55.504,-42.652
55.485,-33.435
55.263,24.955
55.328,33.774
55.505,-11.536
55.322,48.404
55.448,54.616
55.355,-21.325
55.325,9.718
55.353,2.9477
56.319,4.8041
56.54,66.727
56.595,13.959
56.247,58.299
56.421,-17.126
56.305,8.8372
56.593,-6.2383
56.436,-7.0424
56.308,26.494
56.586,34.191
56.481,-7.1312
56.288,50.381
56.586,-21.131
56.587,-32.904
56.301,2.7189
56.346,2.1187
56.209,33.882
56.571,-36.289
56.396,-18.228
56.52,0.77108
56.582,-4.1859
56.294,-38.969
56.435,3.2662
56.516,29.212
56.286,-15.897
56.246,21.982
56.311,-9.8785
56.213,14.053
56.38,23.823
56.451,-3.2016
56.332,13.666
56.413,-17.873
56.557,38.405
56.597,-47.481
56.436,-11.828
56.445,13.101
56.338,24.332
56.577,-33.587
56.547,-9.4741
56.38,-26.541
56.317,-44.823
56.366,41.517
56.275,39.179
56.526,38.532
56.413,-0.69221
56.498,-16.365
56.424,5.2709
56.485,34.941
56.504,30.392
56.246,-22.389
56.22,22.037
56.263,-28.711
56.36,-29.184
56.237,-21.636
56.338,34.991
56.486,-5.1293
56.467,24.624
56.446,-25.896
56.281,19.436
56.228,-9.8247
56.266,26.84
56.506,16.029
56.502,-20.043
56.593,34.637
56.544,-42.39
56.597,-7.9604
56.455,-1.0098
56.572,-20.455
56.249,21.526
56.281,-22.899
56.239,-8.2833
56.326,-11.671
56.354,11.018
56.547,9.4297
56.414,-41.712
56.535,16.332
56.333,-19.669
56.456,13.757
56.469,-0.70117
56.42,33.82
56.335,52.552
56.558,0.74052
56.522,-63.545
56.503,9.8696
56.205,-3.6337
56.427,-37.458
56.32,9.2537
56.389,-25.008
56.353,-17.672
56.51,37.977
56.355,5.8923
56.51,26.112
56.213,19.904
56.33,42.62
56.32,46.452
56.451,-5.1265
56.539,-26.784
56.207,-21.725
56.317,14.698
56.346,-2.9386
57.246,8.2184
57.386,8.58
57.341,49.846
57.573,36.647
57.568,22.942
57.424,-40.43
57.451,6.4185
57.435,-33.774
57.407,39.655
57.379,-64.403
57.488,3.2138
57.549,26.454
57.511,-9.9858
57.342,51.592
57.229,22.873
57.42,28.043
57.338,-2.7204
57.359,-3.8709
57.594,-7.2143
57.401,82.391
57.585,7.4718
57.482,-1.667
57.593,-18.935
57.251,28.641
57.492,-10.89
57.451,59.462
57.461,45.887
57.282,-25.872
57.471,8.3127
57.397,-15.208
57.543,81.929
57.482,16.991
57.47,21.152
57.525,8.3023
57.407,0.38708
57.582,-21.695
57.578,20.721
57.446,-13.59
57.544,-7.6802
57.426,35.894
57.469,-26.22
57.492,-6.3527
57.497,15.293
57.227,-18.715
57.374,11.919
57.215,-13.325
57.362,-35.198
57.526,29.661
57.492,-7.2342
57.536,31.342
57.581,16.832
57.594,39.551
57.371,-41.746
57.213,-5.7964
57.376,2.8283
57.489,-62.108
57.548,-77.636
57.343,-23.672
57.391,2.1498
57.482,-22.503
57.297,24.002
57.222,4.4769
57.235,-0.80622
57.571,-20.782
57.456,9.6123
57.542,-34.854
57.527,32.85
57.452,17.624
57.329,-14.533
57.287,32.968
57.347,35.596
57.2,-23.943
57.526,-19.918
57.43,-48.463
57.497,70.394
57.443,-36.783
57.432,-17.847
57.487,9.5965
57.317,-22.648
57.516,26.599
57.589,25.795
57.376,17.688
57.543,0.97085
57.413,-42.712
57.515,15.898
57.439,-8.8956
57.535,8.8847
57.26,3.1131
57.36,-46.549
57.274,-32.43
57.275,27.283
57.501,-59.233
57.342,-4.8263
57.419,4.8218
57.451,-15.747
57.52,-24.627
57.488,27.468
57.447,52.619
57.411,-38.132
57.229,8.7133
